symbol,company,assetType,sector,industry,valueMin,valueMax,accounts,ytdPercent,priceDate,latestClose,currency,priceStatus,purchaseCount,saleCount,purchaseMin,purchaseMax,saleMin,saleMax,firstTransactionDate,lastTransactionDate,disclosureRows,pdfPages
QQQ,"Invesco QQQ Trust, Series 1",etf,Diversified Equity,Equity ETF - Large Growth,1000001,5000000,7,18.1,2026-07-10,725.51001,USD,current,0,0,0,0,0,0,,,1,102
SPHQ,Invesco S&P 500 Quality ETF,etf,Diversified Equity,Equity ETF - Large Blend,5000001,25000000,1,17.42,2026-07-10,88.120003,USD,current,5,0,3250005,12500000,0,0,9/18/2025,12/31/2025,1,7
XLC,State Street Communication Services Select Sector SPDR ETF,etf,Communication Services,Equity ETF - Communication Services,1000001,5000000,7,-5.16,2026-07-10,111.639999,USD,current,0,0,0,0,0,0,,,1,96
XLY,State Street Consumer Discretionary Select Sector SPDR ETF,etf,Consumer Cyclical,Equity ETF - Consumer Discretionary,1000001,5000000,7,-1.82,2026-07-10,117.239998,USD,current,0,0,0,0,0,0,,,1,103
XLP,State Street Consumer Staples Select Sector SPDR ETF,etf,Consumer Defensive,Equity ETF - Consumer Staples,1000001,5000000,7,8.29,2026-07-10,84.120003,USD,current,0,0,0,0,0,0,,,1,96
XLE,State Street Energy Select Sector SPDR ETF,etf,Energy,Equity ETF - Energy,500001,1000000,7,23.19,2026-07-10,55.080002,USD,current,0,0,0,0,0,0,,,1,113
XLF,State Street Financial Select Sector SPDR ETF,etf,Financial Services,Equity ETF - Financial Services,1500002,6000000,1|7,1.72,2026-07-10,55.709999,USD,current,3,0,1500003,6000000,0,0,12/12/2025,12/31/2025,2,7|103
XLV,State Street Health Care Select Sector SPDR ETF,etf,Healthcare,Equity ETF - Healthcare,1000001,5000000,7,3.9,2026-07-10,160.839996,USD,current,0,0,0,0,0,0,,,1,110
SPYM,State Street SPDR Portfolio S&P 500 ETF,etf,Diversified Equity,Equity ETF - Large Blend,5000001,25000000,1,10.76,2026-07-10,88.849998,USD,current,5,0,4500005,21000000,0,0,9/18/2025,12/31/2025,1,7
SPY,State Street SPDR S&P 500 ETF Trust,etf,Diversified Equity,Equity ETF - Large Blend,5000001,25000000,7,10.71,2026-07-10,754.950012,USD,current,0,1,0,0,50001,100000,1/10/2025,1/10/2025,1,114
GNR,State Street SPDR S&P Global Natural Resources ETF,etf,Basic Materials,Equity ETF - Global Natural Resources,500001,1000000,7,10.14,2026-07-10,68.440002,USD,current,0,0,0,0,0,0,,,1,96
XLK,State Street Technology Select Sector SPDR ETF,etf,Technology,Equity ETF - Technology,1000001,5000000,7,29.04,2026-07-10,185.779999,USD,current,0,0,0,0,0,0,,,1,105
VCR,Vanguard Consumer Discretion ETF,etf,Consumer Cyclical,Equity ETF - Consumer Discretionary,1000001,5000000,1,0.46,2026-07-10,395.75,USD,current,5,0,1600005,3250000,0,0,9/18/2025,12/31/2025,1,7
VGK,Vanguard FTSE Europe ETF,etf,Diversified Equity,Equity ETF - Europe,1000001,5000000,7,5.93,2026-07-10,88.57,USD,current,0,0,0,0,0,0,,,1,110
VUG,Vanguard Growth ETF,etf,Diversified Equity,Equity ETF - Large Growth,1000001,5000000,1,7.49,2026-07-10,87.400002,USD,current,5,0,3000005,12000000,0,0,9/18/2025,12/31/2025,1,7
VYM,Vanguard High Dividend Yield Index Fund ETF Shares,etf,Diversified Equity,Equity ETF - Large Value and Dividend,1000001,5000000,5,12.22,2026-07-10,161.059998,USD,current,3,2,1600003,6250000,350002,750000,8/13/2025,12/29/2025,1,68
VIGI,Vanguard International Dividend Appreciation Index Fund ETF Shares,etf,Diversified Equity,Equity ETF - International Dividend,6000002,30000000,7,3.82,2026-07-10,94.940002,USD,current,0,0,0,0,0,0,,,2,97
MGK,Vanguard Mega Cap Growth Index Fund,etf,Diversified Equity,Equity ETF - Large Growth,1000001,5000000,1,7.88,2026-07-10,89.059998,USD,current,0,0,0,0,0,0,,,1,7
VTWO,Vanguard Russell 2000 Index Fund ETF Shares,etf,Diversified Equity,Equity ETF - Small Blend,1000001,5000000,1,20.21,2026-07-10,119.629997,USD,current,5,0,1600005,3250000,0,0,9/18/2025,12/31/2025,1,7
VOO,Vanguard S&P 500 ETF,etf,Diversified Equity,Equity ETF - Large Blend,1001,15000,3,10.64,2026-07-10,693.859985,USD,current,1,0,1000001,5000000,0,0,12/4/2025,12/4/2025,1,30
VBK,Vanguard Small-Cap Growth ETF,etf,Diversified Equity,Equity ETF - Small Growth,1000001,5000000,1,17.24,2026-07-10,354.190002,USD,current,5,0,1000005,2100000,0,0,9/18/2025,12/31/2025,1,7
VTI,Vanguard Total Stock Market Index Fund ETF Shares,etf,Diversified Equity,Equity ETF - Total U.S. Market,1000001,5000000,7,11.16,2026-07-10,372.690002,USD,current,0,0,0,0,0,0,,,1,96
IDEV,iShares Core MSCI International Developed Markets ETF,etf,Diversified Equity,Equity ETF - International Developed Markets,1000001,5000000,7,8.66,2026-07-10,89.620003,USD,current,0,0,0,0,0,0,,,1,96
IPAC,iShares Core MSCI Pacific ETF,etf,Diversified Equity,Equity ETF - Pacific Markets,500001,1000000,7,13.78,2026-07-10,83.300003,USD,current,0,0,0,0,0,0,,,1,103
IVV,iShares Core S&P 500 ETF,etf,Diversified Equity,Equity ETF - Large Blend,1000001,5000000,5,10.68,2026-07-10,758.109985,USD,current,1,0,1000001,5000000,0,0,12/23/2025,12/23/2025,1,63
HEZU,iShares Currency Hedged MSCI Eurozone ETF,etf,Diversified Equity,Equity ETF - Currency-Hedged Eurozone,500001,1000000,7,11.54,2026-07-10,48.810001,USD,current,0,0,0,0,0,0,,,1,100
IGM,iShares Expanded Tech Sector ETF,etf,Technology,Equity ETF - Technology,5000001,25000000,1,25.12,2026-07-10,161.600006,USD,current,5,0,3250005,12500000,0,0,9/18/2025,12/31/2025,1,7
IOO,iShares Global 100 ETF,etf,Diversified Equity,Equity ETF - Global Large-Cap,1000001,5000000,5,10.07,2026-07-10,139.419998,USD,current,8,0,700008,1700000,0,0,9/18/2025,11/6/2025,1,59
EFA,iShares MSCI EAFE ETF,etf,Diversified Equity,Equity ETF - Foreign Large Blend,1000001,5000000,5,8.64,2026-07-10,104.330002,USD,current,12,4,3350012,6850000,1502004,6030000,9/16/2025,12/9/2025,1,59
EWJV,iShares MSCI Japan Value ETF,etf,Diversified Equity,Equity ETF - Japan Value,500001,1000000,7,15.93,2026-07-10,46.048,USD,current,0,0,0,0,0,0,,,1,102
IWM,iShares Russell 2000 Index Fund,etf,Diversified Equity,Equity ETF - Small Blend,1000001,5000000,5,20.24,2026-07-10,295.98999,USD,current,12,4,3565012,13400000,3000004,12000000,9/16/2025,12/8/2025,1,63
IWR,iShares Russell Mid-Cap ETF,etf,Diversified Equity,Equity ETF - Mid-Cap Blend,1000001,5000000,1,14.28,2026-07-10,110.019997,USD,current,5,0,3000005,12000000,0,0,9/18/2025,12/31/2025,1,7
DVY,iShares Select Dividend ETF,etf,Diversified Equity,Equity ETF - Large Value and Dividend,1000001,5000000,1,12.98,2026-07-10,159.460007,USD,current,5,0,1450005,3000000,0,0,9/18/2025,12/31/2025,1,7
IAT,iShares U.S. Regional Banks ETF,etf,Financial Services,Equity ETF - Regional Banks,1000001,5000000,1,14.8,2026-07-10,63.310001,USD,current,5,0,1000005,2100000,0,0,9/18/2025,12/31/2025,1,7
BAC-L,"Bank of America Corporation 7.25% Non-Cumulative Perpetual Convertible Preferred Stock, Series L",preferred_stock,Financial Services,Banks—Diversified,100001,250000,6,0.65,2026-07-10,1260.199951,USD,current,7,0,91007,315000,0,0,5/7/2025,11/13/2025,1,78
MMM,3M Company,stock,Industrials,Conglomerates,368007,795000,1|2|3|6|7|8,-1.61,2026-07-10,157.520004,USD,current,21,3,495021,1350000,66003,165000,1/29/2025,12/17/2025,7,8|21|23|76|89|131|132
AOS,A. O. Smith Corporation,stock,Industrials,Specialty Industrial Machinery,2002,30000,1|8,-9.63,2026-07-10,60.439999,USD,current,1,0,15001,50000,0,0,11/5/2025,11/5/2025,2,8|121
ATEN,"A10 Networks, Inc.",stock,Technology,Software—Infrastructure,15001,50000,7,110.12,2026-07-10,37.169998,USD,current,7,3,35007,175000,17003,80000,1/30/2025,10/16/2025,1,82
AAON,"AAON, Inc.",stock,Industrials,Building Products & Equipment,15001,50000,7,49.72,2026-07-10,114.160004,USD,current,1,0,15001,50000,0,0,4/4/2025,4/4/2025,1,92
AIR,AAR Corp.,stock,Industrials,Aerospace & Defense,50001,100000,7,63.87,2026-07-10,135.669998,USD,current,7,2,35007,175000,16002,65000,1/30/2025,5/29/2025,1,95
ABM,ABM Industries Incorporated,stock,Industrials,Specialty Business Services,15001,50000,7,5.44,2026-07-10,44.599998,USD,current,13,5,160013,525000,215005,450000,1/30/2025,12/26/2025,1,104
ACAD,ACADIA Pharmaceuticals Inc.,stock,Healthcare,Biotechnology,50001,100000,7,-1.83,2026-07-10,26.219999,USD,current,7,3,7007,105000,3003,45000,1/30/2025,10/23/2025,1,112
ACIW,"ACI Worldwide, Inc.",stock,Technology,Software—Infrastructure,100001,250000,7,18.01,2026-07-10,56.419998,USD,current,9,3,164009,510000,116003,315000,1/30/2025,11/24/2025,1,103
ACMR,"ACM Research, Inc.",stock,Technology,Semiconductor Equipment & Materials,15001,50000,7,161.09,2026-07-10,103,USD,current,2,1,30002,100000,15001,50000,10/3/2025,11/28/2025,1,82
ADMA,"ADMA Biologics, Inc.",stock,Healthcare,Biotechnology,50001,100000,7,-50.22,2026-07-10,9.08,USD,current,10,4,80010,325000,46004,165000,1/30/2025,12/26/2025,1,91
ACM,AECOM,stock,Industrials,Engineering & Construction,16002,65000,7|8,-28.41,2026-07-10,68.25,USD,current,3,2,31003,115000,16002,65000,3/10/2025,12/18/2025,2,100|119
AGCO,AGCO Corporation Common Stock,stock,Industrials,Farm & Heavy Construction Machinery,15001,50000,7,9.59,2026-07-10,114.32,USD,current,1,1,15001,50000,1001,15000,1/6/2025,4/8/2025,1,83
AGNC,AGNC Investment Corp.,stock,Real Estate,REIT—Mortgage,1001,15000,8,3.82,2026-07-10,11.13,USD,current,2,1,16002,65000,15001,50000,4/4/2025,5/5/2025,1,134
AMSF,"AMERISAFE, Inc.",stock,Financial Services,Insurance—Specialty,1001,15000,7,-10.28,2026-07-10,34.459999,USD,current,7,6,49007,210000,34006,160000,1/30/2025,12/26/2025,1,99
AME,"AMETEK, Inc.",stock,Industrials,Specialty Industrial Machinery,103005,245000,1|3|7|8,13.96,2026-07-10,233.979996,USD,current,13,5,83013,370000,47005,180000,1/29/2025,12/17/2025,5,9|23|91|119|122
ANIP,"ANI Pharmaceuticals, Inc.",stock,Healthcare,Drug Manufacturers—Specialty & Generic,15001,50000,7,3.97,2026-07-10,82.07,USD,current,5,1,5005,75000,1001,15000,1/30/2025,5/29/2025,1,84
APA,APA Corporation,stock,Energy,Oil & Gas E&P,16002,65000,1|7,36.71,2026-07-10,33.439999,USD,current,6,2,20006,125000,16002,65000,1/6/2025,12/17/2025,2,9|84
ARR,"ARMOUR Residential REIT, Inc.",stock,Real Estate,REIT—Mortgage,50001,100000,7,-3.62,2026-07-10,17.049999,USD,current,6,3,48006,195000,31003,115000,2/3/2025,9/22/2025,1,109
T,AT&T Inc.,stock,Communication Services,Telecom Services,482007,1130000,1|2|3|6|7|8,-14.94,2026-07-10,21.129999,USD,current,42,14,1675042,3975000,936014,2140000,1/29/2025,12/23/2025,7,9|17|23|77|96|136
ATI,ATI Inc.,stock,Industrials,Metal Fabrication,51002,115000,7|8,62.98,2026-07-10,187.039993,USD,current,10,1,80010,325000,100001,250000,1/30/2025,4/4/2025,2,98|138
AXS,AXIS Capital Holdings Limited,stock,Financial Services,Insurance—Specialty,1001,15000,8,5.57,2026-07-10,113.059998,USD,current,0,0,0,0,0,0,,,1,125
AZZ,AZZ Inc.,stock,Industrials,Specialty Business Services,50001,100000,7,36.64,2026-07-10,146.449997,USD,current,9,2,23009,170000,16002,65000,1/30/2025,5/29/2025,1,99
ABBV,AbbVie Inc.,stock,Healthcare,Drug Manufacturers—General,2330009,7800000,1|2|3|4|6|7|8,8.57,2026-07-10,248.080002,USD,current,44,12,1911044,4590000,152012,455000,1/29/2025,12/23/2025,9,8|17|23|31|77|94|97|136
ABT,Abbott Laboratories,stock,Healthcare,Medical Devices,1246008,2665000,1|2|3|6|7|8,-25.03,2026-07-10,93.93,USD,current,31,13,1177031,2880000,266013,740000,1/29/2025,12/18/2025,8,8|17|23|76|91|99|133|134
ASO,"Academy Sports and Outdoors, Inc.",stock,Consumer Cyclical,Specialty Retail,50001,100000,7,-7.31,2026-07-10,46.310001,USD,current,9,2,114009,360000,65002,150000,1/30/2025,5/29/2025,1,100
ACHC,"Acadia Healthcare Company, Inc.",stock,Healthcare,Medical Care Facilities,15001,50000,7,120.44,2026-07-10,31.280001,USD,current,3,2,66003,165000,16002,65000,1/6/2025,12/26/2025,1,84
AKR,Acadia Realty Trust,stock,Real Estate,REIT—Retail,100001,250000,7,3.65,2026-07-10,21.290001,USD,current,10,2,164010,460000,100002,200000,1/30/2025,7/31/2025,1,90
AAMI,Acadian Asset Management Inc.,stock,Financial Services,Asset Management,15001,50000,7,73.74,2026-07-10,81.660004,USD,current,4,1,4004,60000,1001,15000,1/30/2025,3/27/2025,1,86
ACN,Accenture plc Class A Ordinary Shares (Ireland),stock,Technology,Information Technology Services,1882008,6880000,1|2|3|6|7|8,-49.6,2026-07-10,135.229996,USD,current,34,11,1050034,2675000,322011,905000,1/6/2025,12/17/2025,8,7|17|23|76|97|99|134
AYI,Acuity Inc.,stock,Industrials,Electrical Equipment & Parts,15001,50000,7,-7.48,2026-07-10,333.109985,USD,current,1,0,15001,50000,0,0,4/4/2025,4/4/2025,1,105
GOLF,Acushnet Holdings Corp.,stock,Consumer Cyclical,Leisure,50001,100000,7,38.67,2026-07-10,110.690002,USD,current,5,1,61005,215000,50001,100000,2/13/2025,5/29/2025,1,86
ADAM,"Adamas Trust, Inc. - Common Stock",stock,Real Estate,REIT—Mortgage,15001,50000,7,25.89,2026-07-10,9.19,USD,current,0,0,0,0,0,0,,,1,110
AHCO,AdaptHealth Corp.,stock,Healthcare,Medical Devices,15001,50000,7,2.61,2026-07-10,10.22,USD,current,6,2,34006,160000,16002,65000,1/30/2025,9/22/2025,1,105
ADUS,Addus HomeCare Corporation,stock,Healthcare,Medical Care Facilities,15001,50000,7,0.76,2026-07-10,108.209999,USD,current,9,3,51009,240000,17003,80000,1/30/2025,12/26/2025,1,114
ADEA,Adeia Inc.,stock,Technology,Software—Application,1001,15000,7,68.03,2026-07-10,28.985001,USD,current,6,3,20006,125000,17003,80000,1/30/2025,11/24/2025,1,107
ADNT,Adient plc,stock,Consumer Cyclical,Auto Parts,15001,50000,7,4.12,2026-07-10,19.959999,USD,current,8,2,64008,260000,30002,100000,1/30/2025,5/29/2025,1,86
ADBE,Adobe Inc. - Common Stock,stock,Technology,Software—Application,282007,730000,1|2|3|4|7|8,-36.1,2026-07-10,223.639999,USD,current,42,17,1435042,3600000,968017,2320000,1/6/2025,12/23/2025,7,8|17|23|42|98|137
ATGE,Adtalem Global Education Inc. Common Stock,stock,Consumer Defensive,Education & Training Services,50001,100000,7,26.51,2026-07-10,130.899994,USD,current,7,2,63007,245000,30002,100000,1/30/2025,12/26/2025,1,86
ASIX,AdvanSix Inc.,stock,Basic Materials,Chemicals,15001,50000,7,17.23,2026-07-10,20.280001,USD,current,6,5,48006,195000,19005,110000,1/30/2025,12/26/2025,1,99
AAP,"Advance Auto Parts, Inc.",stock,Consumer Cyclical,Auto Parts,15001,50000,7,47.46,2026-07-10,57.950001,USD,current,9,3,72009,255000,80003,200000,1/30/2025,12/22/2025,1,92
WMS,"Advanced Drainage Systems, Inc. Common Stock",stock,Industrials,Building Products & Equipment,1001,15000,8,3.89,2026-07-10,150.470001,USD,current,2,1,16002,65000,15001,50000,1/29/2025,8/4/2025,1,117
AEIS,"Advanced Energy Industries, Inc.",stock,Industrials,Electrical Equipment & Parts,100001,250000,7,47.13,2026-07-10,308.049988,USD,current,10,1,38010,220000,15001,50000,1/30/2025,5/29/2025,1,100
AMD,"Advanced Micro Devices, Inc.",stock,Technology,Semiconductors,1745007,6650000,1|2|4|6|7|8,160.5,2026-07-10,557.890015,USD,current,39,11,1282039,3105000,137011,405000,1/29/2025,12/23/2025,7,8|17|42|72|96|137
AMG,"Affiliated Managers Group, Inc.",stock,Financial Services,Asset Management,15001,50000,7,27.1,2026-07-10,366.410004,USD,current,1,0,15001,50000,0,0,3/10/2025,3/10/2025,1,94
AFRM,"Affirm Holdings, Inc.",stock,Financial Services,Credit Services,3003,45000,7|8,12.08,2026-07-10,83.419998,USD,current,2,2,30002,100000,16002,65000,1/29/2025,10/16/2025,3,96|137
AFL,Aflac Incorporated,stock,Financial Services,Insurance—Life,568006,1195000,1|3|6|7|8,10.56,2026-07-10,121.910004,USD,current,19,5,413019,1170000,47005,180000,1/29/2025,12/17/2025,6,8|23|76|114|129|130
A,"Agilent Technologies, Inc.",stock,Healthcare,Diagnostics & Research,183007,495000,1|2|3|6|7|8,-1.31,2026-07-10,134.289993,USD,current,14,4,338014,920000,67004,180000,1/29/2025,12/17/2025,7,8|17|23|72|108|122|127
AGYS,"Agilysys, Inc.",stock,Technology,Software—Application,50001,100000,7,-8.3,2026-07-10,108.980003,USD,current,7,1,21007,140000,15001,50000,1/30/2025,9/22/2025,1,89
ADC,Agree Realty Corporation,stock,Real Estate,REIT—Retail,2002,30000,7|8,8.22,2026-07-10,77.949997,USD,current,0,0,0,0,0,0,,,2,112|128
AL,Air Lease Corporation Class A Common Stock,stock,Industrials,Rental & Leasing Services,100001,250000,7,,,,,unavailable,16,1,432016,1205000,100001,250000,1/30/2025,6/18/2025,1,111
APD,"Air Products and Chemicals, Inc. Common Stock",stock,Basic Materials,Specialty Chemicals,218006,595000,1|3|6|7|8,21.26,2026-07-10,299.529999,USD,current,23,10,494023,1385000,364010,860000,1/29/2025,12/18/2025,6,8|23|75|94|130|132
ABNB,"Airbnb, Inc.",stock,Consumer Cyclical,Travel Services,104006,260000,1|3|4|7|8,9.5,2026-07-10,148.619995,USD,current,34,8,350034,1250000,299008,710000,1/29/2025,12/17/2025,6,8|23|42|89|137
AKAM,"Akamai Technologies, Inc.",stock,Technology,Software—Infrastructure,116003,315000,1|6|7,44.63,2026-07-10,126.190002,USD,current,5,3,146005,415000,31003,115000,1/29/2025,12/4/2025,3,8|70|95
ALG,Alamo Group Inc.,stock,Industrials,Farm & Heavy Construction Machinery,15001,50000,7,-3.81,2026-07-10,161.479996,USD,current,9,6,65009,275000,48006,195000,1/30/2025,11/24/2025,1,110
ALRM,"Alarm.com Holdings, Inc.",stock,Technology,Software—Application,15001,50000,7,0.94,2026-07-10,51.5,USD,current,11,4,95011,375000,81004,215000,1/30/2025,10/23/2025,1,105
ALK,"Alaska Air Group, Inc.",stock,Industrials,Airlines,16002,65000,7|8,-1.75,2026-07-10,49.419998,USD,current,11,3,158011,495000,116003,315000,1/30/2025,5/5/2025,2,106|137
AIN,Albany International Corp.,stock,Consumer Cyclical,Textile Manufacturing,15001,50000,7,43.14,2026-07-10,72.57,USD,current,12,3,103012,370000,80003,200000,1/30/2025,11/28/2025,1,85
ACI,"Albertsons Companies, Inc. Class A Common Stock",stock,Consumer Defensive,Grocery Stores,15001,50000,7,-14.04,2026-07-10,14.76,USD,current,1,1,15001,50000,15001,50000,10/9/2025,11/10/2025,1,111
AA,Alcoa Corporation,stock,Basic Materials,Aluminum,52003,130000,7|8,-8.39,2026-07-10,48.68,USD,current,3,2,17003,80000,2002,30000,4/3/2025,5/5/2025,3,93|119|120
ALEX,"Alexander & Baldwin, Inc. Common Stock",stock,Real Estate,Real Estate - Diversified,50001,100000,7,,,,,unavailable,9,4,65009,275000,60004,200000,1/30/2025,11/24/2025,1,87
ALGN,"Align Technology, Inc.",stock,Healthcare,Medical Instruments & Supplies,18004,95000,1|4|7|8,14.92,2026-07-10,179.449997,USD,current,12,8,68012,320000,50008,225000,1/29/2025,11/21/2025,4,8|42|101|137
ALKS,Alkermes plc,stock,Healthcare,Drug Manufacturers—Specialty & Generic,50001,100000,7,85.63,2026-07-10,51.939999,USD,current,12,5,82012,355000,33005,145000,1/30/2025,12/26/2025,1,97
ALGT,Allegiant Travel Company,stock,Industrials,Airlines,15001,50000,7,30.2,2026-07-10,111.019997,USD,current,5,2,19005,110000,16002,65000,1/30/2025,7/31/2025,1,92
ALLE,Allegion plc Ordinary Shares,stock,Industrials,Security & Protection Services,2002,30000,1|8,-14.19,2026-07-10,136.630005,USD,current,1,0,1001,15000,0,0,10/29/2025,10/29/2025,2,7|120
LNT,Alliant Energy Corporation,stock,Utilities,Utilities—Regulated Electric,2002,30000,1|4,17.52,2026-07-10,76.400002,USD,current,7,3,56007,190000,52003,130000,4/17/2025,12/23/2025,2,8|42
ALLY,Ally Financial Inc.,stock,Financial Services,Credit Services,1001,15000,8,0.66,2026-07-10,45.59,USD,current,3,2,116003,315000,2002,30000,1/29/2025,7/16/2025,1,123
ALNY,"Alnylam Pharmaceuticals, Inc.",stock,Healthcare,Biotechnology,18004,95000,4|7|8,-24.87,2026-07-10,298.76001,USD,current,13,5,55013,300000,33005,145000,1/29/2025,12/23/2025,4,42|85|137
AMR,"Alpha Metallurgical Resources, Inc.",stock,Basic Materials,Coking Coal,50001,100000,7,-26.61,2026-07-10,146.690002,USD,current,6,2,34006,160000,30002,100000,1/30/2025,6/30/2025,1,107
GOOG,Alphabet Inc. - Class A Common Stock,stock,Communication Services,Internet Content & Information,7200007,32500000,1|2|4|6|7|8,13.14,2026-07-10,355.029999,USD,current,23,0,3157023,9830000,0,0,4/17/2025,12/17/2025,7,8|17|38|77|96|135
GOOGL,Alphabet Inc. - Class A Common Stock,stock,Communication Services,Internet Content & Information,8700009,38500000,1|2|3|4|6|7|8,14.12,2026-07-10,357.179993,USD,current,68,6,7131068,18765000,182006,480000,1/6/2025,12/17/2025,9,8|17|23|31|38|77|91|134|135
MO,"Altria Group, Inc.",stock,Consumer Defensive,Tobacco,1182008,2480000,2|3|4|6|7|8,24.51,2026-07-10,71.790001,USD,current,34,10,704034,1960000,94010,360000,1/29/2025,12/23/2025,8,17|23|31|77|90|96|135|136
AMZN,"Amazon.com, Inc.",stock,Consumer Cyclical,Internet Retail,8700008,41500000,1|2|4|6|7|8,6.29,2026-07-10,245.339996,USD,current,64,10,9983064,33120000,483010,1045000,1/29/2025,12/23/2025,8,8|17|31|42|72|110|137
AMCR,Amcor plc,stock,Consumer Cyclical,Packaging & Containers,132005,380000,1|4|6|7|8,3.55,2026-07-10,43.18,USD,current,11,6,166011,540000,69006,210000,1/29/2025,12/17/2025,5,8|38|75|97|125
AMTM,"Amentum Holdings, Inc.",stock,Industrials,Specialty Business Services,50001,100000,7,-27.55,2026-07-10,21.01,USD,current,11,3,39011,235000,17003,80000,1/30/2025,10/16/2025,1,95
AEE,Ameren Corporation,stock,Utilities,Utilities—Regulated Electric,34006,160000,1|2|3|4|7|8,13.1,2026-07-10,112.940002,USD,current,15,3,142015,530000,102003,280000,3/5/2025,12/23/2025,6,8|17|23|42|104|125
AAL,American Airlines Group Inc.,stock,Industrials,Airlines,1001,15000,8,10.57,2026-07-10,16.950001,USD,current,2,1,16002,65000,1001,15000,2/3/2025,4/3/2025,1,137
AAT,"American Assets Trust, Inc.",stock,Real Estate,REIT—Diversified,15001,50000,7,32.7,2026-07-10,25.120001,USD,current,5,5,33005,145000,19005,110000,1/30/2025,12/26/2025,1,84
AXL,"American Axle & Manufacturing Holdings, Inc. Common Stock",stock,Consumer Cyclical,Auto Parts,15001,50000,7,,,,,unavailable,3,2,3003,45000,2002,30000,1/30/2025,4/28/2025,1,101
AEO,"American Eagle Outfitters, Inc.",stock,Consumer Cyclical,Apparel Retail,100001,250000,7,-36.25,2026-07-10,16.809999,USD,current,9,3,86009,290000,80003,200000,1/30/2025,7/31/2025,1,90
AEP,"American Electric Power Company, Inc.",stock,Utilities,Utilities—Regulated Electric,348008,795000,1|2|3|4|6|7|8,17.45,2026-07-10,135.429993,USD,current,32,7,320032,1150000,49007,210000,1/29/2025,12/23/2025,8,8|17|23|38|76|93|131|133
AXP,American Express Company,stock,Financial Services,Credit Services,1346008,2765000,1|2|3|6|7|8,-5.24,2026-07-10,350.579987,USD,current,33,5,1140033,2850000,118005,345000,1/29/2025,11/18/2025,8,8|17|23|75|107|108|130|132
AFG,"American Financial Group, Inc.",stock,Financial Services,Insurance—Property & Casualty,16002,65000,7|8,3.44,2026-07-10,141.380005,USD,current,2,0,16002,65000,0,0,2/24/2025,6/5/2025,2,84|124
AMH,American Homes 4 Rent Common Shares of Beneficial Interest,stock,Real Estate,REIT—Residential,1001,15000,7,3.64,2026-07-10,33.27,USD,current,1,1,50001,100000,50001,100000,10/9/2025,11/10/2025,1,102
AIG,"American International Group, Inc.",stock,Financial Services,Insurance—Diversified,69006,210000,1|2|3|7|8,-7.46,2026-07-10,79.169998,USD,current,16,6,156016,515000,83006,245000,1/29/2025,11/17/2025,6,8|17|23|100|127|130
AWR,American States Water Company Common Stock,stock,Utilities,Utilities—Regulated Water,50001,100000,7,16.6,2026-07-10,84.510002,USD,current,9,5,37009,205000,33005,145000,1/30/2025,12/26/2025,1,87
AMT,American Tower Corporation,stock,Real Estate,REIT—Specialty,617005,1330000,3|6|7|8,-3.98,2026-07-10,168.589996,USD,current,26,11,806026,1990000,201011,590000,1/6/2025,12/18/2025,5,23|72|96|132|133
AWK,"American Water Works Company, Inc.",stock,Utilities,Utilities—Regulated Water,33005,145000,1|3|7|8,0.15,2026-07-10,130.690002,USD,current,12,5,174012,535000,118005,345000,3/5/2025,12/18/2025,5,9|23|82|123|129
AMWD,American Woodmark Corporation Common Stock,stock,Consumer Cyclical,"Furnishings, Fixtures & Appliances",15001,50000,7,0,2026-05-28,48.09,USD,stale_or_delisted,7,4,63007,245000,46004,165000,1/30/2025,11/24/2025,1,82
AMP,"Ameriprise Financial, Inc.",stock,Financial Services,Asset Management,103004,295000,3|7|8,3.35,2026-07-10,506.76001,USD,current,12,6,314012,810000,304006,660000,3/5/2025,11/17/2025,4,23|90|124|130
ABCB,Ameris Bancorp,stock,Financial Services,Banks—Regional,50001,100000,7,21.73,2026-07-10,90.410004,USD,current,7,2,147007,380000,100002,200000,1/30/2025,5/29/2025,1,89
AMGN,Amgen Inc.,stock,Healthcare,Drug Manufacturers—General,1032010,2180000,1|2|3|4|6|7|8,11.02,2026-07-10,363.390015,USD,current,44,8,820044,2325000,36008,190000,1/29/2025,12/17/2025,10,9|17|23|31|38|77|94|135
AMKR,"Amkor Technology, Inc.",stock,Technology,Semiconductor Equipment & Materials,51002,115000,7|8,78.5,2026-07-10,70.470001,USD,current,2,0,16002,65000,0,0,4/4/2025,4/11/2025,2,89|120
AMPH,"Amphastar Pharmaceuticals, Inc.",stock,Healthcare,Drug Manufacturers—Specialty & Generic,1001,15000,7,-30.1,2026-07-10,18.719999,USD,current,8,5,64008,260000,33005,145000,1/30/2025,12/26/2025,1,81
APH,Amphenol Corporation Common Stock,stock,Technology,Electronic Components,767007,1680000,1|2|3|6|7|8,17.7,2026-07-10,159.059998,USD,current,25,2,708025,1720000,30002,100000,1/29/2025,12/17/2025,7,9|17|23|73|92|127
AMRZ,Amrize Ltd,stock,Basic Materials,Building Materials,52003,130000,7|8,-6.16,2026-07-10,50.75,USD,current,3,2,52003,130000,2002,30000,10/9/2025,11/17/2025,3,87|138
ADI,"Analog Devices, Inc.",stock,Technology,Semiconductors,682007,1480000,2|3|4|6|7|8,45.89,2026-07-10,395.649994,USD,current,34,11,641034,1840000,109011,410000,1/29/2025,12/8/2025,7,17|23|38|76|109|128|132
AU,AngloGold Ashanti plc,stock,Basic Materials,Gold,17003,80000,7|8,-3.73,2026-07-10,82.099998,USD,current,3,0,17003,80000,0,0,1/29/2025,10/16/2025,3,110|126|129
NLY,Annaly Capital Management Inc. Common Stock,stock,Real Estate,REIT—Mortgage,16002,65000,7|8,2.24,2026-07-10,22.860001,USD,current,3,2,31003,115000,16002,65000,1/29/2025,6/5/2025,2,95|136
AR,Antero Resources Corporation,stock,Energy,Oil & Gas E&P,1001,15000,8,-3.57,2026-07-10,33.23,USD,current,1,1,15001,50000,15001,50000,2/3/2025,3/10/2025,1,138
AON,Aon plc Class A Ordinary Shares (Ireland),stock,Financial Services,Insurance Brokers,67004,180000,3|7|8,1.15,2026-07-10,356.940002,USD,current,20,9,697020,1655000,684009,1510000,1/29/2025,12/11/2025,4,23|110|125
ARI,"Apollo Commercial Real Estate Finance, Inc",stock,Real Estate,REIT—Mortgage,15001,50000,7,7.75,2026-07-10,10.43,USD,current,5,1,33005,145000,15001,50000,1/30/2025,5/29/2025,1,84
APO,"Apollo Global Management, Inc. (New) Common Stock",stock,Financial Services,Asset Management,103005,245000,1|3|7|8,-16.87,2026-07-10,120.339996,USD,current,23,11,381023,1115000,401011,990000,1/29/2025,12/17/2025,5,9|23|94|124|127
APP,AppLovin Corporation,stock,Communication Services,Advertising Agencies,917007,1930000,1|3|4|6|7|8,-24.76,2026-07-10,506.980011,USD,current,36,7,1764036,4260000,1076007,5265000,1/29/2025,12/17/2025,7,9|23|42|71|103|138
APLE,"Apple Hospitality REIT, Inc. Common Shares",stock,Real Estate,REIT—Hotel & Motel,15001,50000,7,39.75,2026-07-10,16.559999,USD,current,0,0,0,0,0,0,,,1,102
AAPL,Apple Inc. - Common Stock,stock,Technology,Consumer Electronics,14000009,64000000,1|2|3|4|6|7|8,15.99,2026-07-10,315.320007,USD,current,62,9,17269062,65560000,456009,1090000,1/29/2025,12/17/2025,9,9|17|23|31|77|101|136
AMAT,"Applied Materials, Inc.",stock,Technology,Semiconductor Equipment & Materials,1382008,5830000,1|2|3|4|6|7|8,134.44,2026-07-10,602.5,USD,current,31,7,758031,1970000,56007,190000,1/29/2025,11/14/2025,8,9|17|23|38|76|106|127|131
ATR,"AptarGroup, Inc.",stock,Healthcare,Medical Instruments & Supplies,16002,65000,7|8,2.93,2026-07-10,125.529999,USD,current,2,0,16002,65000,0,0,11/10/2025,11/10/2025,2,86|138
APTV,Aptiv PLC,stock,Consumer Cyclical,Auto Parts,1001,15000,3,-20.4,2026-07-10,60.57,USD,current,7,5,21007,140000,19005,110000,1/29/2025,11/18/2025,1,23
ARMK,Aramark,stock,Industrials,Specialty Business Services,1001,15000,7,57.03,2026-07-10,57.880001,USD,current,0,0,0,0,0,0,,,1,113
ABR,"Arbor Realty Trust, Inc.",stock,Real Estate,REIT—Mortgage,15001,50000,7,-34.92,2026-07-10,5.05,USD,current,10,4,52010,255000,46004,165000,1/30/2025,12/26/2025,1,84
ARCB,ArcBest Corporation,stock,Industrials,Trucking,15001,50000,7,98.32,2026-07-10,147.130005,USD,current,7,1,49007,210000,50001,100000,1/30/2025,5/29/2025,1,106
ACGL,Arch Capital Group Ltd.,stock,Financial Services,Insurance—Diversified,68005,195000,1|3|7|8,5.36,2026-07-10,101.059998,USD,current,14,8,382014,955000,327008,780000,1/29/2025,12/17/2025,5,8|23|107|138
ADM,Archer-Daniels-Midland Company,stock,Consumer Defensive,Farm Products,19005,110000,3|4|7|8,39.87,2026-07-10,80.410004,USD,current,18,8,144018,510000,134008,360000,1/6/2025,12/23/2025,5,23|38|84|127|128
AROC,"Archrock, Inc.",stock,Energy,Oil & Gas Equipment & Services,50001,100000,7,48.08,2026-07-10,38.529999,USD,current,10,5,129010,410000,82005,230000,1/30/2025,11/24/2025,1,101
ACA,"Arcosa, Inc.",stock,Industrials,Engineering & Construction,50001,100000,7,36.38,2026-07-10,145,USD,current,9,3,79009,310000,66003,165000,1/30/2025,10/16/2025,1,88
RCUS,"Arcus Biosciences, Inc.",stock,Healthcare,Biotechnology,50001,100000,7,21.36,2026-07-10,28.92,USD,current,4,2,32004,130000,2002,30000,1/30/2025,7/23/2025,1,88
ARES,Ares Management Corporation,stock,Financial Services,Asset Management,18004,95000,4|7|8,-24.64,2026-07-10,121.809998,USD,current,7,5,70007,225000,33005,145000,3/5/2025,12/23/2025,4,42|113|128
ANET,"Arista Networks, Inc.",stock,Technology,Computer Hardware,632006,1380000,2|3|6|7|8,42.68,2026-07-10,186.960007,USD,current,19,3,492019,1255000,31003,115000,1/29/2025,11/18/2025,6,17|23|71|106|138
ARLO,"Arlo Technologies, Inc.",stock,Industrials,Building Products & Equipment,15001,50000,7,-7.08,2026-07-10,13,USD,current,6,4,34006,160000,18004,95000,1/30/2025,11/24/2025,1,101
AWI,"Armstrong World Industries, Inc.",stock,Industrials,Building Products & Equipment,100001,250000,7,-18.63,2026-07-10,155.5,USD,current,11,3,179011,510000,80003,200000,1/30/2025,10/16/2025,1,90
ARW,"Arrow Electronics, Inc.",stock,Technology,Electronics & Computer Distribution,15001,50000,7,87.34,2026-07-10,206.410004,USD,current,1,0,15001,50000,0,0,4/4/2025,4/4/2025,1,114
ARWR,"Arrowhead Pharmaceuticals, Inc.",stock,Healthcare,Biotechnology,100001,250000,7,15.08,2026-07-10,76.400002,USD,current,9,2,37009,205000,65002,150000,1/30/2025,7/31/2025,1,106
AJG,Arthur J. Gallagher & Co.,stock,Financial Services,Insurance Brokers,353005,795000,3|7|8,-2.2,2026-07-10,253.089996,USD,current,19,11,187019,630000,137011,405000,1/29/2025,12/18/2025,5,26|90|111|122|128
APAM,Artisan Partners Asset Management Inc. Class A Common Stock,stock,Financial Services,Asset Management,15001,50000,7,-10.43,2026-07-10,36.490002,USD,current,8,4,64008,260000,67004,180000,1/30/2025,11/24/2025,1,86
AORT,"Artivion, Inc.",stock,Healthcare,Medical Devices,15001,50000,7,-47.18,2026-07-10,24.09,USD,current,6,1,34006,160000,15001,50000,1/30/2025,5/15/2025,1,85
ABG,"Asbury Automotive Group, Inc.",stock,Consumer Cyclical,Auto & Truck Dealerships,50001,100000,7,-8.84,2026-07-10,211.970001,USD,current,11,5,130011,425000,117005,280000,1/30/2025,10/23/2025,1,110
AIZ,"Assurant, Inc.",stock,Financial Services,Insurance—Property & Casualty,300002,600000,1|6,15.79,2026-07-10,278.890015,USD,current,6,1,182006,480000,15001,50000,2/24/2025,12/17/2025,2,9|74
AGO,Assured Guaranty Ltd.,stock,Financial Services,Insurance—Specialty,50001,100000,7,-8.65,2026-07-10,82.099998,USD,current,9,4,128009,395000,95004,250000,1/30/2025,10/16/2025,1,113
ASTE,"Astec Industries, Inc.",stock,Industrials,Farm & Heavy Construction Machinery,15001,50000,7,30.7,2026-07-10,56.619999,USD,current,3,1,17003,80000,1001,15000,1/30/2025,3/11/2025,1,84
ALAB,"Astera Labs, Inc.",stock,Technology,Semiconductors,53004,145000,4|7|8,148.24,2026-07-10,412.970001,USD,current,5,1,19005,110000,1001,15000,4/4/2025,12/16/2025,4,42|94|138
ASTH,"Astrana Health, Inc.",stock,Healthcare,Medical Care Facilities,1001,15000,7,88.96,2026-07-10,46.880001,USD,current,7,4,49007,210000,46004,165000,1/30/2025,11/24/2025,1,95
AUB,Atlantic Union Bankshares Corporation,stock,Financial Services,Banks—Regional,100001,250000,7,19.15,2026-07-10,42.060001,USD,current,8,3,99008,310000,80003,200000,1/30/2025,7/31/2025,1,102
AESI,Atlas Energy Solutions Inc.,stock,Energy,Oil & Gas Equipment & Services,15001,50000,7,52.76,2026-07-10,14.39,USD,current,8,4,50008,225000,46004,165000,1/30/2025,11/24/2025,1,114
TEAM,Atlassian Corporation,stock,Technology,Software—Application,53004,145000,4|7|8,-45.2,2026-07-10,88.860001,USD,current,16,7,107016,430000,49007,210000,1/29/2025,11/21/2025,4,42|94|138
ATO,Atmos Energy Corporation,stock,Utilities,Utilities—Regulated Gas,133006,395000,1|3|6|7|8,5.11,2026-07-10,176.199997,USD,current,7,2,106007,340000,2002,30000,3/5/2025,12/17/2025,6,9|23|74|85|122|125
AZO,"AutoZone, Inc.",stock,Consumer Cyclical,Auto Parts,267004,580000,6|7|8,-9.4,2026-07-10,3072.639893,USD,current,12,5,363012,895000,166005,365000,1/29/2025,12/11/2025,4,71|110|139
ADSK,"Autodesk, Inc.",stock,Technology,Software—Application,368006,845000,3|4|6|7|8,-29.58,2026-07-10,208.449997,USD,current,24,4,340024,1025000,32004,130000,1/29/2025,12/23/2025,6,23|42|71|105|138
ALV,"Autoliv, Inc.",stock,Consumer Cyclical,Auto Parts,1001,15000,8,1.31,2026-07-10,120.260002,USD,current,2,1,2002,30000,1001,15000,3/5/2025,4/11/2025,1,131
ADP,"Automatic Data Processing, Inc. - Common Stock",stock,Technology,Software—Application,382006,880000,2|3|6|7|8,-5.95,2026-07-10,241.919998,USD,current,33,16,1248033,2995000,796016,1840000,1/29/2025,12/11/2025,6,17|23|76|90|133
AVB,"AvalonBay Communities, Inc.",stock,Real Estate,REIT—Residential,52003,130000,3|7|8,5.81,2026-07-10,191.839996,USD,current,14,8,252014,655000,169008,410000,1/29/2025,12/11/2025,3,23|93|125
AVY,Avery Dennison Corporation,stock,Consumer Cyclical,Packaging & Containers,17003,80000,1|7|8,-11.64,2026-07-10,160.710007,USD,current,4,7,53004,145000,56007,190000,4/3/2025,11/18/2025,3,9|85|124
RNA,"Avidity Biosciences, Inc. Common Stock",stock,Healthcare,Biotechnology,15001,50000,7,-14.54,2026-07-10,12.46,USD,current,1,0,15001,50000,0,0,4/4/2025,4/4/2025,1,112
AVA,Avista Corporation,stock,Utilities,Utilities—Diversified,15001,50000,7,8.72,2026-07-10,41.900002,USD,current,11,4,116011,390000,67004,180000,1/30/2025,12/26/2025,1,99
ACLS,"Axcelis Technologies, Inc.",stock,Technology,Semiconductor Equipment & Materials,50001,100000,7,78.43,2026-07-10,143.350006,USD,current,8,1,50008,225000,50001,100000,1/30/2025,5/29/2025,1,107
AXON,"Axon Enterprise, Inc.",stock,Industrials,Aerospace & Defense,68005,195000,1|3|7|8,-0.38,2026-07-10,565.799988,USD,current,18,6,278018,870000,133006,395000,1/29/2025,12/17/2025,5,9|24|93|139
AX,"Axos Financial, Inc.",stock,Financial Services,Banks—Regional,100001,250000,7,13.05,2026-07-10,97.400002,USD,current,8,1,99008,310000,15001,50000,1/30/2025,4/10/2025,1,90
AZTA,"Azenta, Inc.",stock,Healthcare,Medical Instruments & Supplies,15001,50000,7,-23.75,2026-07-10,25.360001,USD,current,8,2,36008,190000,30002,100000,1/30/2025,5/29/2025,1,96
BGC,"BGC Group, Inc.",stock,Financial Services,Capital Markets,15001,50000,7,20.72,2026-07-10,10.78,USD,current,8,3,99008,310000,80003,200000,1/30/2025,11/24/2025,1,85
BJ,"BJ's Wholesale Club Holdings, Inc.",stock,Consumer Defensive,Discount Stores,2002,30000,7|8,-2.2,2026-07-10,88.050003,USD,current,1,1,1001,15000,1001,15000,9/15/2025,10/16/2025,2,95|139
BOKF,BOK Financial Corporation,stock,Financial Services,Banks—Regional,15001,50000,7,17.08,2026-07-10,138.690002,USD,current,1,0,15001,50000,0,0,4/4/2025,4/4/2025,1,113
BWXT,"BWX Technologies, Inc.",stock,Industrials,Aerospace & Defense,16002,65000,7|8,7.61,2026-07-10,186,USD,current,2,0,16002,65000,0,0,4/3/2025,4/4/2025,2,98|119
BXP,"BXP, Inc.",stock,Real Estate,REIT—Office,2002,30000,1|8,-0.98,2026-07-10,66.82,USD,current,4,3,67004,180000,52003,130000,1/29/2025,11/5/2025,2,9|129
BMI,"Badger Meter, Inc.",stock,Technology,Scientific & Technical Instruments,50001,100000,7,-17.33,2026-07-10,144.179993,USD,current,13,4,259013,760000,180004,450000,1/30/2025,11/28/2025,1,105
BKR,Baker Hughes Company,stock,Energy,Oil & Gas Equipment & Services,168006,445000,1|3|6|7|8,26.39,2026-07-10,57.560001,USD,current,16,4,248016,770000,32004,130000,3/5/2025,12/17/2025,6,9|24|74|88|127|129
BCPC,Balchem Corporation,stock,Basic Materials,Specialty Chemicals,50001,100000,7,5.73,2026-07-10,162.149994,USD,current,14,4,154014,560000,95004,250000,1/30/2025,11/24/2025,1,109
BALL,Ball Corporation,stock,Consumer Cyclical,Packaging & Containers,2002,30000,1|8,16.46,2026-07-10,61.689999,USD,current,8,6,71008,240000,20006,125000,1/29/2025,12/17/2025,2,9|117
BANC,"Banc of California, Inc. Common Stock",stock,Financial Services,Banks—Regional,50001,100000,7,6.27,2026-07-10,20.5,USD,current,7,2,84007,260000,65002,150000,1/30/2025,5/29/2025,1,98
BANF,BancFirst Corporation,stock,Financial Services,Banks—Regional,15001,50000,7,7.6,2026-07-10,114.080002,USD,current,9,4,79009,310000,81004,215000,1/30/2025,12/26/2025,1,102
BAC,Bank of America Corporation Common Stock,stock,Financial Services,Banks—Diversified,1445007,6000000,1|2|3|6|7|8,8.49,2026-07-10,59.669998,USD,current,42,5,2280042,5225000,153005,395000,1/29/2025,12/17/2025,7,9|17|24|77|110|135|136
BOH,Bank of Hawaii Corporation Common Stock,stock,Financial Services,Banks—Regional,15001,50000,7,20.64,2026-07-10,82.480003,USD,current,10,2,87010,305000,100002,200000,1/30/2025,10/23/2025,1,107
BKU,"BankUnited, Inc.",stock,Financial Services,Banks—Regional,50001,100000,7,8.21,2026-07-10,48.23,USD,current,8,2,120008,325000,115002,300000,1/30/2025,5/29/2025,1,89
BANR,Banner Corporation,stock,Financial Services,Banks—Regional,15001,50000,7,7.85,2026-07-10,67.580002,USD,current,7,2,49007,210000,65002,150000,1/30/2025,5/29/2025,1,99
BDX,"Becton, Dickinson and Company",stock,Healthcare,Medical Instruments & Supplies,803006,1645000,3|6|7|8,-0.41,2026-07-10,151.940002,USD,current,13,6,316013,890000,48006,195000,1/6/2025,11/5/2025,6,24|75|91|112|130|131
BHE,"Benchmark Electronics, Inc.",stock,Technology,Electronic Components,15001,50000,7,98.92,2026-07-10,85.059998,USD,current,6,2,34006,160000,30002,100000,1/30/2025,5/29/2025,1,111
BRK-B,Berkshire Hathaway Inc. Class B Common Stock,stock,Financial Services,Insurance—Diversified,2800007,11700000,1|2|3|6|7|8,-1.78,2026-07-10,493.709991,USD,current,41,16,4211041,12165000,939016,2235000,1/29/2025,12/18/2025,7,9|17|24|72|103|139
BBY,"Best Buy Co., Inc.",stock,Consumer Cyclical,Specialty Retail,17003,80000,4|7|8,23.71,2026-07-10,82.800003,USD,current,7,4,7007,105000,4004,60000,4/17/2025,12/23/2025,3,43|107|130
TECH,Bio-Techne Corporation,stock,Healthcare,Biotechnology,1001,15000,1,21.24,2026-07-10,71.300003,USD,current,4,4,32004,130000,32004,130000,2/3/2025,11/5/2025,1,9
BLFS,"BioLife Solutions, Inc.",stock,Healthcare,Medical Instruments & Supplies,15001,50000,7,16.54,2026-07-10,28.18,USD,current,4,2,18004,95000,2002,30000,1/30/2025,5/29/2025,1,82
BIIB,Biogen Inc.,stock,Healthcare,Drug Manufacturers—General,69006,210000,1|3|4|7|8,13.16,2026-07-10,199.149994,USD,current,17,3,59017,360000,31003,115000,1/6/2025,12/17/2025,6,9|24|43|86|139
BL,"BlackLine, Inc.",stock,Technology,Software—Application,15001,50000,7,-47.31,2026-07-10,29.129999,USD,current,9,4,79009,310000,46004,165000,1/30/2025,10/16/2025,1,114
BLK,"BlackRock, Inc.",stock,Financial Services,Asset Management,1117006,2330000,3|6|7|8,-3.2,2026-07-10,1036.109985,USD,current,16,10,304016,835000,271010,740000,1/29/2025,12/11/2025,6,24|76|106|113|134
BX,Blackstone Inc. Common Stock,stock,Financial Services,Asset Management,1347010,2930000,1|2|3|4|6|7|8,-20.14,2026-07-10,123.089996,USD,current,33,14,851033,2190000,204014,635000,1/29/2025,12/18/2025,10,9|17|24|35|38|40|76|91|132|134
XYZ,"Block, Inc. Class A Common Stock,",stock,Technology,Software—Infrastructure,19005,110000,2|3|7|8,18.76,2026-07-10,77.300003,USD,current,11,8,187011,555000,149008,460000,3/5/2025,12/11/2025,5,20|24|83|139
BE,Bloom Energy Corporation,stock,Industrials,Electrical Equipment & Parts,16002,65000,7|8,181.52,2026-07-10,244.610001,USD,current,3,1,17003,80000,1001,15000,10/9/2025,12/18/2025,2,102|139
OWL,Blue Owl Capital Inc. Class A Common Stock,stock,Financial Services,Asset Management,2002,30000,4|7,-37.35,2026-07-10,9.36,USD,current,6,13,1054006,5160000,3305013,9675000,4/4/2025,12/23/2025,2,43|100
BCC,Boise Cascade Company,stock,Basic Materials,Lumber & Wood Production,15001,50000,7,3.34,2026-07-10,76.059998,USD,current,10,5,129010,410000,145005,350000,1/30/2025,11/24/2025,1,107
BKNG,Booking Holdings Inc.,stock,Consumer Cyclical,Travel Services,752006,1630000,1|4|6|7|8,-16.72,2026-07-10,178.389999,USD,current,34,10,980034,2575000,235010,625000,1/29/2025,12/23/2025,6,9|38|75|97|130
BOOT,"Boot Barn Holdings, Inc.",stock,Consumer Cyclical,Apparel Retail,100001,250000,7,-8.64,2026-07-10,161.229996,USD,current,9,3,114009,360000,52003,130000,1/30/2025,10/16/2025,1,90
BSX,Boston Scientific Corporation,stock,Healthcare,Medical Devices,582007,1230000,1|2|3|6|7|8,-53.05,2026-07-10,44.77,USD,current,29,7,1578029,3570000,803007,1795000,1/29/2025,12/17/2025,7,9|18|24|71|91|140
BOX,"Box, Inc.",stock,Technology,Software—Infrastructure,50001,100000,7,-4.25,2026-07-10,28.639999,USD,current,13,3,118013,420000,101003,215000,1/30/2025,12/26/2025,1,95
BYD,Boyd Gaming Corporation,stock,Consumer Cyclical,Resorts & Casinos,15001,50000,7,1.13,2026-07-10,86.199997,USD,current,0,0,0,0,0,0,,,1,82
BRC,Brady Corporation,stock,Industrials,Security & Protection Services,50001,100000,7,15.04,2026-07-10,90.160004,USD,current,9,2,135009,375000,115002,300000,1/30/2025,5/29/2025,1,106
BFH,"Bread Financial Holdings, Inc.",stock,Financial Services,Credit Services,50001,100000,7,30.35,2026-07-10,96.5,USD,current,8,2,78008,295000,65002,150000,1/30/2025,5/29/2025,1,88
BBIO,"BridgeBio Pharma, Inc.",stock,Healthcare,Biotechnology,15001,50000,7,12.29,2026-07-10,85.889999,USD,current,1,0,15001,50000,0,0,4/4/2025,4/4/2025,1,85
BFAM,Bright Horizons Family Solutions Inc.,stock,Consumer Cyclical,Personal Services,1001,15000,8,-27.7,2026-07-10,73.309998,USD,current,2,1,2002,30000,1001,15000,9/15/2025,10/16/2025,1,140
BTSG,"BrightSpring Health Services, Inc.",stock,Healthcare,Health Information Services,15001,50000,7,90.73,2026-07-10,71.43,USD,current,2,0,30002,100000,0,0,11/24/2025,11/28/2025,1,94
EAT,"Brinker International, Inc.",stock,Consumer Cyclical,Restaurants,100001,250000,7,29.08,2026-07-10,185.259995,USD,current,12,4,209012,660000,131004,365000,1/30/2025,11/24/2025,1,92
BMY,Bristol-Myers Squibb Company,stock,Healthcare,Drug Manufacturers—General,532008,1230000,1|2|3|4|6|7|8,6.75,2026-07-10,57.580002,USD,current,31,7,695031,1925000,354007,760000,1/30/2025,12/17/2025,8,9|18|24|31|73|105|134|135
VTOL,Bristow Group Inc.,stock,Energy,Oil & Gas Equipment & Services,15001,50000,7,19.14,2026-07-10,43.630001,USD,current,4,1,18004,95000,15001,50000,1/30/2025,5/29/2025,1,106
AVGO,Broadcom Inc.,stock,Technology,Semiconductors,9950011,44000000,1|2|3|4|6|7|8,15.56,2026-07-10,399.970001,USD,current,63,5,6602063,20530000,103005,245000,1/29/2025,12/17/2025,11,9|18|24|32|34|35|77|103|136
BR,"Broadridge Financial Solutions, Inc.",stock,Technology,Information Technology Services,52003,130000,3|7|8,-33.92,2026-07-10,147.470001,USD,current,9,6,51009,240000,34006,160000,3/5/2025,11/10/2025,3,24|114|123
BRO,"Brown & Brown, Inc.",stock,Financial Services,Insurance Brokers,51002,115000,3|7,-15.11,2026-07-10,67.660004,USD,current,10,8,115010,375000,85008,275000,2/24/2025,12/11/2025,2,24|98
BF.A,Brown-Forman Corporation,stock,Consumer Defensive,Beverages—Wineries & Distilleries,1001,15000,4,1.1,2026-07-10,26.6,USD,current,2,0,2002,30000,0,0,9/16/2025,10/15/2025,1,43
BF.B,Brown-Forman Corporation,stock,Consumer Defensive,Beverages—Wineries & Distilleries,251002,515000,4|7,0.42,2026-07-10,26.17,USD,current,4,0,4004,60000,0,0,9/16/2025,12/17/2025,2,43|110
BF-B,Brown-Forman Corporation Class B Common Stock,stock,Consumer Defensive,Beverages—Wineries & Distilleries,1001,15000,1,0.42,2026-07-10,26.17,USD,current,0,0,0,0,0,0,,,1,9
BLDR,"Builders FirstSource, Inc.",stock,Industrials,Building Products & Equipment,65002,150000,6|7,-26.44,2026-07-10,75.690002,USD,current,10,7,164010,460000,84007,260000,1/29/2025,12/4/2025,2,70|98
BG,Bunge Global SA,stock,Consumer Defensive,Farm Products,2002,30000,1|8,28.33,2026-07-10,114.32,USD,current,1,1,15001,50000,15001,50000,2/24/2025,4/4/2025,2,8|120
BURL,"Burlington Stores, Inc.",stock,Consumer Cyclical,Apparel Retail,16002,65000,7|8,13.46,2026-07-10,327.720001,USD,current,3,1,31003,115000,15001,50000,1/29/2025,3/10/2025,2,91|140
BURY,Burrell Resources Inc.,stock,Basic Materials,Gold,15001,50000,7,,,,,unavailable,0,0,0,0,0,0,,,1,85
CHRW,"C.H. Robinson Worldwide, Inc.",stock,Industrials,Integrated Freight & Logistics,31003,115000,1|7|8,20.37,2026-07-10,193.5,USD,current,3,0,17003,80000,0,0,4/8/2025,12/17/2025,3,9|112|124
CACI,CACI International Inc,stock,Technology,Information Technology Services,2002,30000,8,-8.7,2026-07-10,486.450012,USD,current,1,0,1001,15000,0,0,5/23/2025,5/23/2025,2,140
CAVA,"CAVA Group, Inc.",stock,Consumer Cyclical,Restaurants,50001,100000,7,22.99,2026-07-10,72.18,USD,current,2,1,30002,100000,15001,50000,3/10/2025,11/10/2025,1,112
CBRE,"CBRE Group, Inc.",stock,Real Estate,Real Estate Services,333007,745000,1|2|3|6|7|8,-13.22,2026-07-10,139.529999,USD,current,21,7,386021,1140000,147007,380000,1/29/2025,12/18/2025,7,9|18|24|71|86|141
CCC,CCC Intelligent Solutions Holdings Inc.,stock,Technology,Software—Application,17003,80000,7|8,-25.53,2026-07-10,5.92,USD,current,6,5,83006,245000,82005,230000,3/5/2025,12/11/2025,3,83|141
CDW,CDW Corporation,stock,Technology,Information Technology Services,1001,15000,1,6.01,2026-07-10,144.389999,USD,current,11,6,25011,200000,20006,125000,1/29/2025,11/21/2025,1,9
CF,"CF Industries Holdings, Inc.",stock,Basic Materials,Agricultural Inputs,2002,30000,1|8,51.18,2026-07-10,116.919998,USD,current,5,4,61005,215000,32004,130000,1/29/2025,11/18/2025,2,10|123
CME,CME Group Inc.,stock,Financial Services,Financial Data & Stock Exchanges,432007,980000,1|2|3|6|7|8,-12.01,2026-07-10,240.270004,USD,current,25,6,561025,1465000,168006,445000,1/29/2025,12/17/2025,7,10|18|24|75|102|133|134
CMS,CMS Energy Corporation,stock,Utilities,Utilities—Regulated Electric,68005,195000,1|4|7|8,7.82,2026-07-10,75.400002,USD,current,12,5,124012,385000,68005,195000,2/6/2025,12/23/2025,5,10|43|88|122|125
CNA,CNA Financial Corporation,stock,Financial Services,Insurance—Property & Casualty,1001,15000,8,7.46,2026-07-10,51.299999,USD,current,1,1,1001,15000,1001,15000,7/7/2025,11/10/2025,1,131
CRH,CRH PLC Ordinary Shares,stock,Basic Materials,Building Materials,117004,330000,2|7|8,-16.1,2026-07-10,104.709999,USD,current,16,7,149016,535000,84007,260000,1/29/2025,11/20/2025,4,18|90|129
CSGS,"CSG Systems International, Inc. Common Stock",stock,Technology,Software - Application,15001,50000,7,0,2026-05-15,80.690002,USD,stale_or_delisted,10,3,38010,220000,66003,165000,1/30/2025,12/22/2025,1,83
CSW,"CSW Industrials, Inc.",stock,Industrials,Specialty Industrial Machinery,50001,100000,7,-4.29,2026-07-10,280.940002,USD,current,12,5,230012,675000,180005,400000,1/30/2025,12/22/2025,1,95
CSX,CSX Corporation,stock,Industrials,Railroads,383007,895000,1|2|3|6|7|8,36.3,2026-07-10,49.41,USD,current,22,5,516022,1315000,54005,160000,1/29/2025,11/5/2025,7,10|18|25|75|105|127
CTS,CTS Corporation,stock,Technology,Electronic Components,15001,50000,7,40.28,2026-07-10,60.139999,USD,current,6,2,34006,160000,30002,100000,1/30/2025,5/29/2025,1,86
CVBF,CVB Financial Corp.,stock,Financial Services,Banks—Regional,1001,15000,7,20.81,2026-07-10,22.469999,USD,current,8,5,85008,275000,82005,230000,1/30/2025,12/26/2025,1,102
CVI,"CVR Energy, Inc.",stock,Energy,Oil & Gas Refining & Marketing,1001,15000,7,21.74,2026-07-10,30.969999,USD,current,4,2,18004,95000,16002,65000,1/30/2025,7/31/2025,1,81
CVS,CVS Health Corporation,stock,Healthcare,Healthcare Plans,933009,1995000,1|2|3|4|6|7|8,31.24,2026-07-10,104.150002,USD,current,26,4,527026,1355000,18004,95000,1/6/2025,12/23/2025,9,10|18|25|39|76|93|96|133
WHD,"Cactus, Inc.",stock,Energy,Oil & Gas Equipment & Services,15001,50000,7,17.75,2026-07-10,53.790001,USD,current,12,5,159012,510000,96005,265000,1/30/2025,11/28/2025,1,114
CDNS,"Cadence Design Systems, Inc.",stock,Technology,Software—Application,433008,995000,1|2|3|4|6|7|8,22.9,2026-07-10,384.170013,USD,current,28,6,393028,1245000,48006,195000,1/29/2025,12/23/2025,8,9|18|24|43|71|106|140
CZR,"Caesars Entertainment, Inc.",stock,Consumer Cyclical,Resorts & Casinos,100001,250000,7,27.58,2026-07-10,29.84,USD,current,7,5,183007,495000,132005,380000,1/6/2025,11/24/2025,1,106
CALM,"Cal-Maine Foods, Inc.",stock,Consumer Defensive,Farm Products,50001,100000,7,11.02,2026-07-10,88.339996,USD,current,14,5,182014,555000,96005,265000,1/30/2025,12/26/2025,1,88
CRC,California Resources Corporation,stock,Energy,Oil & Gas E&P,50001,100000,7,17.36,2026-07-10,52.470001,USD,current,8,3,50008,225000,45003,150000,1/30/2025,11/24/2025,1,93
CWT,California Water Service Group,stock,Utilities,Utilities—Regulated Water,15001,50000,7,14.72,2026-07-10,49.709999,USD,current,9,3,51009,240000,31003,115000,1/30/2025,12/26/2025,1,113
CALX,"Calix, Inc.",stock,Technology,Software—Infrastructure,50001,100000,7,-23.69,2026-07-10,40.389999,USD,current,7,1,21007,140000,15001,50000,1/30/2025,4/10/2025,1,89
CALY,Callaway Golf Company Common Stock,stock,Consumer Cyclical,Leisure,50001,100000,7,57.67,2026-07-10,18.4,USD,current,5,1,5005,75000,1001,15000,1/30/2025,5/15/2025,1,95
CPT,Camden Property Trust,stock,Real Estate,REIT—Residential,1001,15000,1,2.62,2026-07-10,112.959999,USD,current,3,2,3003,45000,2002,30000,1/30/2025,12/17/2025,1,9
COF,Capital One Financial Corporation Common Stock,stock,Financial Services,Credit Services,782006,1630000,2|3|6|7|8,-16.85,2026-07-10,201.520004,USD,current,24,6,850024,2175000,252006,580000,3/5/2025,11/18/2025,6,18|24|76|96|131|132
CFFN,"Capitol Federal Financial, Inc. - Common Stock",stock,Financial Services,Banks—Regional,15001,50000,7,24.82,2026-07-10,8.5,USD,current,4,1,18004,95000,1001,15000,1/30/2025,5/15/2025,1,105
CARG,"CarGurus, Inc.",stock,Consumer Cyclical,Auto & Truck Dealerships,50001,100000,7,-10.87,2026-07-10,34.18,USD,current,10,4,80010,325000,46004,165000,1/30/2025,10/16/2025,1,109
KMX,"CarMax, Inc.",stock,Consumer Cyclical,Auto & Truck Dealerships,100001,250000,7,38.43,2026-07-10,53.490002,USD,current,7,5,112007,330000,47005,180000,1/29/2025,12/2/2025,1,102
CAH,"Cardinal Health, Inc.",stock,Healthcare,Medical Distribution,318006,695000,1|3|6|7|8,14.74,2026-07-10,235.800003,USD,current,19,4,215019,700000,18004,95000,1/29/2025,12/17/2025,6,9|24|73|105|123|124
CTRE,"CareTrust REIT, Inc.",stock,Real Estate,REIT—Healthcare Facilities,100001,250000,7,11.23,2026-07-10,40.220001,USD,current,12,2,230012,675000,150002,350000,1/30/2025,7/31/2025,1,98
CSL,Carlisle Companies Incorporated,stock,Industrials,Building Products & Equipment,17003,80000,7|8,3.2,2026-07-10,330.089996,USD,current,4,2,32004,130000,2002,30000,1/29/2025,11/17/2025,3,82|118|120
CCL,Carnival Corporation Ltd. Common Shares,stock,Consumer Cyclical,Travel Services,1068006,5195000,1|2|3|7|8,-12.15,2026-07-10,26.83,USD,current,16,8,234016,735000,135008,425000,1/29/2025,12/17/2025,6,7|8|18|24|97|140
CRS,Carpenter Technology Corporation,stock,Industrials,Metal Fabrication,1001,15000,8,83.78,2026-07-10,578.609985,USD,current,2,1,16002,65000,15001,50000,3/10/2025,4/11/2025,1,116
CARR,Carrier Global Corporation,stock,Industrials,Building Products & Equipment,3003,45000,3|8,31.23,2026-07-10,69.339996,USD,current,23,11,410023,1250000,384011,960000,1/29/2025,12/11/2025,3,24|124|126
CARS,Cars.com Inc.,stock,Communication Services,Internet Content & Information,15001,50000,7,-9.1,2026-07-10,11.09,USD,current,5,1,19005,110000,15001,50000,1/30/2025,5/29/2025,1,108
CRI,"Carter's, Inc.",stock,Consumer Cyclical,Apparel Retail,15001,50000,7,23.93,2026-07-10,40.189999,USD,current,8,4,64008,260000,32004,130000,1/30/2025,9/2/2025,1,93
CVNA,Carvana Co.,stock,Consumer Cyclical,Auto & Truck Dealerships,52003,130000,7|8,-22.01,2026-07-10,65.830002,USD,current,4,2,46004,165000,2002,30000,1/29/2025,9/8/2025,3,88|140
CWST,"Casella Waste Systems, Inc.",stock,Industrials,Waste Management,100001,250000,7,-1.14,2026-07-10,96.82,USD,current,3,3,102003,280000,17003,80000,3/5/2025,12/26/2025,1,90
CASY,"Casey's General Stores, Inc.",stock,Consumer Cyclical,Specialty Retail,17003,80000,7|8,48.33,2026-07-10,819.830017,USD,current,2,0,16002,65000,0,0,4/8/2025,7/14/2025,3,96|116|117
CPRX,"Catalyst Pharmaceuticals, Inc.",stock,Healthcare,Biotechnology,15001,50000,7,34.83,2026-07-10,31.469999,USD,current,8,5,22008,155000,33005,145000,1/30/2025,10/23/2025,1,83
CAT,Caterpillar Inc.,stock,Industrials,Farm & Heavy Construction Machinery,2180009,7400000,1|2|3|4|6|7|8,66.25,2026-07-10,952.409973,USD,current,32,5,963032,2445000,68005,195000,1/29/2025,12/9/2025,9,9|18|24|36|76|108|111|132|134
CATY,Cathay General Bancorp,stock,Financial Services,Banks—Regional,100001,250000,7,27.15,2026-07-10,61.529999,USD,current,8,1,64008,260000,50001,100000,1/30/2025,5/22/2025,1,90
CVCO,"Cavco Industries, Inc.",stock,Consumer Cyclical,Residential Construction,50001,100000,7,-3.97,2026-07-10,567.26001,USD,current,12,4,159012,510000,130004,300000,1/30/2025,11/24/2025,1,92
CBOE,"Cboe Global Markets, Inc. Common Stock",stock,Financial Services,Financial Data & Stock Exchanges,167005,430000,1|6|7|8,6.8,2026-07-10,268.070007,USD,current,8,1,170008,475000,1001,15000,2/24/2025,12/17/2025,5,9|72|104|121|122
CE,Celanese Corporation Common Stock,stock,Basic Materials,Chemicals,50001,100000,7,10.97,2026-07-10,46.919998,USD,current,8,5,127008,380000,82005,230000,1/6/2025,12/26/2025,1,88
COR,"Cencora, Inc. Common Stock",stock,Healthcare,Medical Distribution,368006,845000,1|3|6|7|8,-10.16,2026-07-10,303.440002,USD,current,16,2,276016,840000,51002,115000,1/29/2025,12/17/2025,6,9|24|73|103|121|125
CNC,Centene Corporation Common Stock,stock,Healthcare,Healthcare Plans,17003,80000,1|8,63.67,2026-07-10,67.349998,USD,current,14,8,119014,435000,78008,295000,1/6/2025,12/17/2025,3,10|141
CNP,"CenterPoint Energy, Inc.",stock,Utilities,Utilities—Regulated Electric,32004,130000,1|7|8,13.56,2026-07-10,43.540001,USD,current,8,3,22008,155000,3003,45000,1/29/2025,12/18/2025,4,10|82|121|128
CENTA,Central Garden & Pet Company - Class A Common Stock Nonvoting,stock,Consumer Defensive,Packaged Foods,15001,50000,7,28.57,2026-07-10,37.529999,USD,current,9,5,37009,205000,33005,145000,1/30/2025,11/24/2025,1,83
CPF,Central Pacific Financial Corp New,stock,Financial Services,Banks—Regional,15001,50000,7,22.88,2026-07-10,38.290001,USD,current,4,1,18004,95000,15001,50000,1/30/2025,4/28/2025,1,83
CENX,Century Aluminum Company,stock,Basic Materials,Aluminum,50001,100000,7,14.01,2026-07-10,44.669998,USD,current,5,1,19005,110000,15001,50000,1/30/2025,5/29/2025,1,86
CCS,"Century Communities, Inc.",stock,Real Estate,Real Estate—Development,15001,50000,7,9.59,2026-07-10,65.040001,USD,current,5,2,33005,145000,30002,100000,1/30/2025,5/29/2025,1,86
CERT,"Certara, Inc.",stock,Healthcare,Health Information Services,1001,15000,7,-23.16,2026-07-10,6.77,USD,current,5,3,19005,110000,31003,115000,1/30/2025,11/24/2025,1,114
SKY,"Champion Homes, Inc.",stock,Consumer Cyclical,Residential Construction,50001,100000,7,-3.87,2026-07-10,81.230003,USD,current,12,3,117012,405000,116003,315000,1/30/2025,10/16/2025,1,97
CRL,"Charles River Laboratories International, Inc.",stock,Healthcare,Diagnostics & Research,2002,30000,1|8,17.01,2026-07-10,233.410004,USD,current,4,2,18004,95000,16002,65000,4/3/2025,11/5/2025,2,10|141
SCHW,Charles Schwab Corporation (The) Common Stock,stock,Financial Services,Capital Markets,615004,1250000,1|2|3|6,3.21,2026-07-10,103.120003,USD,current,25,3,949025,2360000,31003,115000,5/6/2025,12/8/2025,4,10|20|29|75
CHTR,"Charter Communications, Inc.",stock,Communication Services,Telecom Services,153005,395000,3|6|7|8,-37.37,2026-07-10,130.729996,USD,current,22,10,225022,725000,136010,390000,2/24/2025,12/18/2025,5,24|70|86|141
LNG,"Cheniere Energy, Inc.",stock,Energy,Oil & Gas Midstream,52003,130000,7|8,33.05,2026-07-10,258.640015,USD,current,7,4,98007,295000,32004,130000,1/29/2025,12/18/2025,3,106|121|122
CPK,Chesapeake Utilities Corporation,stock,Utilities,Utilities—Regulated Gas,15001,50000,7,3.29,2026-07-10,128.869995,USD,current,9,4,37009,205000,18004,95000,1/30/2025,10/16/2025,1,85
CVX,Chevron Corporation,stock,Energy,Oil & Gas Integrated,2595010,11350000,1|2|3|4|6|7|8,15.74,2026-07-10,176.399994,USD,current,48,12,1596048,4140000,600012,1475000,1/29/2025,12/23/2025,10,10|18|24|36|77|91|113|136
CMG,"Chipotle Mexican Grill, Inc.",stock,Consumer Cyclical,Restaurants,54005,160000,2|3|7|8,-4.73,2026-07-10,35.25,USD,current,25,13,603025,1495000,323013,870000,1/29/2025,12/18/2025,5,18|24|87|141
CHH,"Choice Hotels International, Inc.",stock,Consumer Cyclical,Lodging,15001,50000,7,15.18,2026-07-10,109.720001,USD,current,1,0,15001,50000,0,0,12/11/2025,12/11/2025,1,100
CHRD,Chord Energy Corporation,stock,Energy,Oil & Gas E&P,50001,100000,7,26.63,2026-07-10,117.389999,USD,current,2,1,30002,100000,1001,15000,2/6/2025,4/8/2025,1,87
CB,Chubb Limited  Common Stock,stock,Financial Services,Insurance—Property & Casualty,682007,1480000,1|2|3|6|7|8,11.44,2026-07-10,347.829987,USD,current,25,6,859025,2035000,69006,210000,1/29/2025,12/17/2025,7,8|18|24|75|95|131
CHD,"Church & Dwight Co., Inc.",stock,Consumer Defensive,Household & Personal Products,16002,65000,7|8,14.92,2026-07-10,96.360001,USD,current,9,8,135009,375000,85008,275000,2/6/2025,12/18/2025,2,108|119
CHDN,Churchill Downs Incorporated,stock,Consumer Cyclical,Gambling,51002,115000,7|8,-24.84,2026-07-10,85.519997,USD,current,2,1,51002,115000,1001,15000,3/10/2025,10/16/2025,2,87|141
CIEN,Ciena Corporation,stock,Technology,Communication Equipment,1001,15000,8,97,2026-07-10,460.720001,USD,current,2,1,16002,65000,15001,50000,3/10/2025,4/11/2025,1,141
CINF,Cincinnati Financial Corporation - Common Stock,stock,Financial Services,Insurance—Property & Casualty,531005,1115000,1|3|6|7,9.77,2026-07-10,179.279999,USD,current,11,3,215011,625000,31003,115000,2/24/2025,12/17/2025,5,10|24|74|85|111
CNK,"Cinemark Holdings, Inc.",stock,Communication Services,Entertainment,50001,100000,7,24.96,2026-07-10,29.040001,USD,current,10,6,66010,290000,48006,195000,1/30/2025,12/22/2025,1,104
CTAS,Cintas Corporation,stock,Industrials,Specialty Business Services,303005,645000,3|6|7|8,-4.48,2026-07-10,179.639999,USD,current,21,10,749021,1885000,385010,875000,1/29/2025,12/11/2025,5,24|74|104|124|125
CRUS,"Cirrus Logic, Inc.",stock,Technology,Semiconductors,16002,65000,7|8,26.89,2026-07-10,150.360001,USD,current,2,0,16002,65000,0,0,4/4/2025,4/11/2025,2,83|141
CSCO,"Cisco Systems, Inc.",stock,Technology,Communication Equipment,2695011,11600000,1|2|3|4|6|7|8,57.48,2026-07-10,121.309998,USD,current,53,7,1678053,4095000,84007,260000,1/29/2025,12/17/2025,11,10|18|24|36|38|77|98|108|135
C,Citigroup Inc.,stock,Financial Services,Banks—Diversified,567008,1280000,1|2|3|4|7|8,20.65,2026-07-10,140.789993,USD,current,32,8,466032,1340000,162008,430000,1/29/2025,12/17/2025,8,10|18|24|36|38|113|132|134
CFG,"Citizens Financial Group, Inc.",stock,Financial Services,Banks—Regional,501002,1015000,4|7,20.42,2026-07-10,70.339996,USD,current,8,3,50008,225000,45003,150000,1/29/2025,11/18/2025,2,43|107
CIVI,"Civitas Resources, Inc. Common Stock",stock,Energy,Oil & Gas E&P,15001,50000,7,,,,,unavailable,1,0,15001,50000,0,0,4/4/2025,4/4/2025,1,97
CLH,"Clean Harbors, Inc. Common Stock",stock,Industrials,Waste Management,50001,100000,7,29.7,2026-07-10,304.130005,USD,current,3,1,66003,165000,1001,15000,1/29/2025,11/10/2025,1,105
CLSK,"CleanSpark, Inc.",stock,Financial Services,Capital Markets,50001,100000,7,26.98,2026-07-10,12.85,USD,current,3,1,17003,80000,1001,15000,3/24/2025,5/29/2025,1,88
YOU,"Clear Secure, Inc.",stock,Technology,Software—Application,50001,100000,7,57.41,2026-07-10,55.220001,USD,current,7,1,35007,175000,1001,15000,1/30/2025,7/31/2025,1,107
CWAN,"Clearwater Analytics Holdings, Inc. Class A Common Stock",stock,Technology,Software - Application,51002,115000,7|8,0,2026-07-02,24.559999,USD,stale_or_delisted,2,0,51002,115000,0,0,11/10/2025,11/10/2025,2,89|141
CWEN,"Clearway Energy, Inc.",stock,Utilities,Utilities—Renewable,50001,100000,7,1.23,2026-07-10,33.669998,USD,current,11,3,53011,270000,17003,80000,1/30/2025,10/23/2025,1,87
CWEN-A,"Clearway Energy, Inc. Class A Common Stock",stock,Utilities,Utilities - Renewable,15001,50000,7,1.23,2026-07-10,33.669998,USD,current,0,0,0,0,0,0,,,1,107
NET,"Cloudflare, Inc.",stock,Technology,Software—Infrastructure,67004,180000,2|7|8,36.14,2026-07-10,268.399994,USD,current,9,3,79009,310000,17003,80000,1/29/2025,9/26/2025,4,18|110|142
CSGP,"CoStar Group, Inc.",stock,Real Estate,Real Estate Services,118005,345000,1|3|6|8,-57.78,2026-07-10,28.389999,USD,current,17,8,320017,950000,149008,460000,1/29/2025,12/18/2025,5,10|25|70|142
CCOI,"Cogent Communications Holdings, Inc.",stock,Communication Services,Telecom Services,1001,15000,7,-41.51,2026-07-10,12.61,USD,current,12,4,110012,425000,95004,250000,1/30/2025,12/26/2025,1,97
CGNX,Cognex Corporation,stock,Technology,Scientific & Technical Instruments,15001,50000,7,85.66,2026-07-10,66.800003,USD,current,1,2,15001,50000,2002,30000,1/6/2025,5/5/2025,1,101
CTSH,Cognizant Technology Solutions Corporation - Class A Common Stock,stock,Technology,Information Technology Services,98007,295000,1|2|3|4|7|8,-48.71,2026-07-10,42.57,USD,current,14,0,42014,280000,0,0,4/17/2025,12/17/2025,7,10|18|24|43|113|126
CNS,"Cohen & Steers, Inc.",stock,Financial Services,Asset Management,50001,100000,7,23.29,2026-07-10,77.400002,USD,current,11,3,116011,390000,115003,250000,1/30/2025,11/24/2025,1,99
COHR,Coherent Corp.,stock,Technology,Scientific & Technical Instruments,102003,280000,7|8,75.81,2026-07-10,324.5,USD,current,2,0,16002,65000,0,0,4/4/2025,4/11/2025,3,111|142
COHU,"Cohu, Inc.",stock,Technology,Semiconductor Equipment & Materials,15001,50000,7,141.38,2026-07-10,56.169998,USD,current,4,1,32004,130000,15001,50000,1/30/2025,4/28/2025,1,85
COIN,"Coinbase Global, Inc.",stock,Financial Services,Financial Data & Stock Exchanges,18004,95000,3|7|8,-29.66,2026-07-10,159.070007,USD,current,16,8,325016,925000,334008,760000,1/29/2025,12/11/2025,4,24|93|142
CL,Colgate-Palmolive Company,stock,Consumer Defensive,Household & Personal Products,353006,745000,1|3|6|7|8,16.73,2026-07-10,92.239998,USD,current,25,7,767025,1980000,369007,860000,1/29/2025,12/18/2025,6,10|24|73|88|131|132
COLL,"Collegium Pharmaceutical, Inc.",stock,Healthcare,Drug Manufacturers—Specialty & Generic,50001,100000,7,-23.91,2026-07-10,35.23,USD,current,8,2,50008,225000,16002,65000,1/30/2025,7/31/2025,1,91
COLB,"Columbia Banking System, Inc.",stock,Financial Services,Banks—Regional,50001,100000,7,14.67,2026-07-10,32.049999,USD,current,1,1,15001,50000,15001,50000,2/24/2025,3/10/2025,1,88
CMCSA,Comcast Corporation - Class A Common Stock,stock,Communication Services,Telecom Services,396006,915000,2|3|4|6|7,-15.86,2026-07-10,23.57,USD,current,51,20,1310051,3500000,899020,2135000,1/29/2025,12/23/2025,6,18|24|38|74|90
CMA,Comerica Incorporated Common Stock,stock,Financial Services,Banks - Regional,1001,15000,8,,,,,unavailable,1,1,15001,50000,15001,50000,3/10/2025,4/4/2025,1,126
FIX,"Comfort Systems USA, Inc.",stock,Industrials,Engineering & Construction,52003,130000,7|8,88.16,2026-07-10,1756.089966,USD,current,4,1,32004,130000,1001,15000,1/29/2025,10/16/2025,3,102|115|116
CBSH,"Commerce Bancshares, Inc.",stock,Financial Services,Banks—Regional,15001,50000,7,11.52,2026-07-10,58.369999,USD,current,1,0,15001,50000,0,0,4/4/2025,4/4/2025,1,106
CMC,Commercial Metals Company,stock,Industrials,Metal Fabrication,51002,115000,7|8,-9.51,2026-07-10,62.639999,USD,current,2,0,16002,65000,0,0,4/3/2025,4/4/2025,2,87|119
CBU,"Community Financial System, Inc.",stock,Financial Services,Banks—Regional,15001,50000,7,16.26,2026-07-10,66.779999,USD,current,9,5,128009,395000,167005,430000,1/30/2025,10/16/2025,1,85
LODE,Comstock Inc.,stock,Basic Materials,Other Precious Metals & Mining,15001,50000,7,15.43,2026-07-10,4.34,USD,current,8,4,64008,260000,32004,130000,1/30/2025,12/22/2025,1,96
CAG,"Conagra Brands, Inc.",stock,Consumer Defensive,Packaged Foods,52003,130000,1|3|7,-20.1,2026-07-10,13.83,USD,current,11,7,187011,555000,134007,410000,2/24/2025,12/17/2025,3,10|24|114
CON,"Concentra Group Holdings Parent, Inc. Common Stock",stock,Healthcare,Medical Care Facilities,50001,100000,7,60.32,2026-07-10,31.549999,USD,current,6,0,6006,90000,0,0,1/30/2025,3/11/2025,1,86
COP,ConocoPhillips,stock,Energy,Oil & Gas E&P,647008,1430000,2|3|4|6|7|8,16.48,2026-07-10,109.040001,USD,current,37,13,1081037,2590000,452013,1105000,1/6/2025,12/23/2025,8,18|24|32|75|92|108|133|134
ED,"Consolidated Edison, Inc. Common Stock",stock,Utilities,Utilities—Regulated Electric,63007,245000,1|2|3|4|7|8,11.88,2026-07-10,111.120003,USD,current,24,8,207024,805000,170008,475000,1/29/2025,12/23/2025,7,10|18|24|39|109|130|132
STZ,"Constellation Brands, Inc. Common Stock",stock,Consumer Defensive,Beverages—Brewers,653006,1395000,4|6|7|8,-2.83,2026-07-10,134.059998,USD,current,16,11,333016,970000,166011,540000,1/6/2025,12/15/2025,6,43|71|89|98|124|126
CEG,Constellation Energy Corporation,stock,Utilities,Utilities—Independent Power Producers,667006,1430000,1|3|6|7|8,-28.84,2026-07-10,251.380005,USD,current,23,6,360023,1100000,6006,90000,2/3/2025,12/17/2025,6,10|25|73|92|123|124
CPRT,"Copart, Inc.",stock,Industrials,Specialty Business Services,52003,130000,3|7|8,-29.71,2026-07-10,27.52,USD,current,25,13,130025,600000,97013,405000,1/29/2025,12/18/2025,3,25|94|142
CORT,Corcept Therapeutics Incorporated,stock,Healthcare,Biotechnology,50001,100000,7,164.02,2026-07-10,91.879997,USD,current,12,5,96012,390000,33005,145000,1/30/2025,10/23/2025,1,87
CLB,Core Laboratories Inc.,stock,Energy,Oil & Gas Equipment & Services,1001,15000,7,-30.75,2026-07-10,11.1,USD,current,4,2,18004,95000,2002,30000,1/30/2025,5/29/2025,1,103
CNR,"Core Natural Resources, Inc.",stock,Energy,Thermal Coal,50001,100000,7,-7.5,2026-07-10,81.870003,USD,current,11,3,130011,425000,45003,150000,1/30/2025,11/28/2025,1,95
CXW,"CoreCivic, Inc.",stock,Industrials,Security & Protection Services,15001,50000,7,66.88,2026-07-10,31.889999,USD,current,7,4,21007,140000,18004,95000,1/30/2025,11/24/2025,1,84
CRWV,"CoreWeave, Inc.",stock,Technology,Software—Infrastructure,1001002,5015000,1|7,24.12,2026-07-10,88.879997,USD,current,5,5,19005,110000,19005,110000,9/16/2025,11/21/2025,2,7|104
CRBG,"Corebridge Financial, Inc.",stock,Financial Services,Asset Management,1001,15000,4,1.26,2026-07-10,30.549999,USD,current,5,5,33005,145000,47005,180000,3/10/2025,12/23/2025,1,44
GLW,Corning Incorporated,stock,Technology,Electronic Components,568007,1195000,1|3|4|6|7|8,118.01,2026-07-10,190.889999,USD,current,13,4,196013,640000,32004,130000,1/29/2025,11/18/2025,7,10|25|40|74|104|125|127
CPAY,"Corpay, Inc.",stock,Technology,Software—Infrastructure,102003,280000,6|8,17.52,2026-07-10,353.640015,USD,current,10,7,270010,675000,154007,360000,1/29/2025,12/4/2025,3,70|142
CTVA,"Corteva, Inc.",stock,Basic Materials,Agricultural Inputs,69006,210000,1|2|3|7|8,27.82,2026-07-10,85.68,USD,current,19,5,427019,1205000,181005,465000,1/29/2025,12/17/2025,6,10|18|25|89|123
COST,Costco Wholesale Corporation - Common Stock,stock,Consumer Defensive,Discount Stores,1380007,5950000,1|2|3|6|7|8,6.25,2026-07-10,916.25,USD,current,47,15,2293047,8320000,673015,1620000,1/29/2025,12/23/2025,7,10|18|25|75|91|132
CTRA,Coterra Energy Inc. Common Stock,stock,Energy,Oil & Gas E&P,103004,295000,1|4|6|7,,,,,unavailable,12,4,125012,450000,32004,130000,4/4/2025,12/23/2025,4,10|44|73|101
COTY,Coty Inc.,stock,Consumer Defensive,Household & Personal Products,1000001,5000000,1,-27.27,2026-07-10,2.24,USD,current,1,2,1001,15000,2002,30000,1/6/2025,4/3/2025,1,7
CPNG,"Coupang, Inc.",stock,Consumer Cyclical,Internet Retail,52003,130000,7|8,-20.31,2026-07-10,18.799999,USD,current,6,4,104006,260000,32004,130000,10/9/2025,12/18/2025,3,87|142
CBRL,"Cracker Barrel Old Country Store, Inc. - Common Stock",stock,Consumer Cyclical,Restaurants,15001,50000,7,98.5,2026-07-10,50.419998,USD,current,6,4,34006,160000,18004,95000,1/30/2025,12/26/2025,1,96
CR,Crane Company,stock,Industrials,Specialty Industrial Machinery,15001,50000,7,18.78,2026-07-10,219.070007,USD,current,1,0,15001,50000,0,0,4/4/2025,4/4/2025,1,107
CACC,Credit Acceptance Corporation - Common Stock,stock,Financial Services,Credit Services,1001,15000,7,41.16,2026-07-10,625.969971,USD,current,1,1,15001,50000,1001,15000,4/4/2025,8/7/2025,1,102
CRDO,Credo Technology Group Holding Ltd,stock,Technology,Semiconductors,1001,15000,4,79.16,2026-07-10,257.790009,USD,current,2,1,16002,65000,15001,50000,10/9/2025,12/16/2025,1,44
CRGY,Crescent Energy Company,stock,Energy,Oil & Gas E&P,15001,50000,7,12.87,2026-07-10,9.47,USD,current,9,5,65009,275000,33005,145000,1/30/2025,12/26/2025,1,97
CRWD,"CrowdStrike Holdings, Inc.",stock,Technology,Software—Infrastructure,647007,1430000,1|3|4|6|7|8,59.72,2026-07-10,187.179993,USD,current,30,7,381030,1240000,70007,225000,1/29/2025,12/23/2025,7,10|25|44|71|93|143
CCI,Crown Castle Inc.,stock,Real Estate,REIT—Specialty,167005,430000,1|3|6|7|8,-10.36,2026-07-10,79.660004,USD,current,17,7,313017,970000,134007,410000,1/6/2025,12/17/2025,5,10|25|76|112|134
CCK,"Crown Holdings, Inc.",stock,Consumer Cyclical,Packaging & Containers,17003,80000,7|8,8.25,2026-07-10,111.470001,USD,current,3,1,17003,80000,1001,15000,1/29/2025,10/16/2025,3,94|118|121
CFR,"Cullen/Frost Bankers, Inc.",stock,Financial Services,Banks—Regional,16002,65000,7|8,23.87,2026-07-10,156.860001,USD,current,1,0,15001,50000,0,0,4/4/2025,4/4/2025,2,84|129
CMI,Cummins Inc.,stock,Industrials,Specialty Industrial Machinery,418007,945000,1|2|3|6|7|8,32.42,2026-07-10,675.950012,USD,current,15,2,296015,840000,16002,65000,3/5/2025,12/17/2025,7,10|18|25|75|98|129|131
CW,Curtiss-Wright Corporation,stock,Industrials,Aerospace & Defense,1001,15000,8,36.91,2026-07-10,754.76001,USD,current,2,3,16002,65000,17003,80000,2/24/2025,12/18/2025,1,115
CWK,Cushman & Wakefield Ltd. Common Shares,stock,Real Estate,Real Estate Services,50001,100000,7,-16.68,2026-07-10,13.49,USD,current,7,2,119007,310000,65002,150000,1/30/2025,5/29/2025,1,104
CUBI,"Customers Bancorp, Inc.",stock,Financial Services,Banks—Regional,50001,100000,7,4.79,2026-07-10,76.620003,USD,current,6,2,34006,160000,30002,100000,1/30/2025,5/29/2025,1,87
CTKB,"Cytek Biosciences, Inc.",stock,Healthcare,Medical Devices,15001,50000,7,-8.51,2026-07-10,4.62,USD,current,4,2,18004,95000,2002,30000,1/30/2025,7/31/2025,1,114
DHI,"D.R. Horton, Inc.",stock,Consumer Cyclical,Residential Construction,319007,710000,1|2|3|6|7|8,5.24,2026-07-10,151.580002,USD,current,19,7,471019,1240000,35007,175000,1/6/2025,12/17/2025,7,10|18|25|74|89|123|127
CSR,D/B/A Centerspace Common Stock,stock,Real Estate,REIT—Residential,50001,100000,7,-16.71,2026-07-10,55.57,USD,current,5,2,33005,145000,30002,100000,1/30/2025,9/2/2025,1,87
DKS,"DICK'S Sporting Goods, Inc.",stock,Consumer Cyclical,Specialty Retail,16002,65000,7|8,10.11,2026-07-10,217.979996,USD,current,4,2,32004,130000,2002,30000,1/29/2025,8/29/2025,2,85|125
DNOW,DNOW Inc.,stock,Industrials,Industrial Distribution,15001,50000,7,-1.51,2026-07-10,13.05,USD,current,7,4,35007,175000,18004,95000,1/30/2025,12/26/2025,1,83
DTM,"DT Midstream, Inc.",stock,Energy,Oil & Gas Midstream,51002,115000,7|8,21.3,2026-07-10,145.169998,USD,current,2,0,30002,100000,0,0,3/10/2025,4/8/2025,2,93|126
DTE,DTE Energy Company,stock,Utilities,Utilities—Regulated Electric,68005,195000,1|3|7|8,16.51,2026-07-10,150.270004,USD,current,16,4,93016,395000,117004,330000,2/6/2025,12/23/2025,5,11|25|87|122|128
DXC,DXC Technology Company,stock,Technology,Information Technology Services,50001,100000,7,-36.38,2026-07-10,9.32,USD,current,10,4,115010,375000,95004,250000,1/30/2025,11/24/2025,1,94
DXPE,"DXP Enterprises, Inc.",stock,Industrials,Industrial Distribution,15001,50000,7,48.1,2026-07-10,162.600006,USD,current,7,3,63007,245000,45003,150000,1/30/2025,11/28/2025,1,111
DVA,DaVita Inc.,stock,Healthcare,Medical Care Facilities,1001,15000,1,104.91,2026-07-10,232.800003,USD,current,3,6,45003,150000,48006,195000,1/29/2025,11/18/2025,1,10
DAN,Dana Incorporated,stock,Consumer Cyclical,Auto Parts,50001,100000,7,15.03,2026-07-10,27.33,USD,current,8,3,50008,225000,45003,150000,1/30/2025,10/16/2025,1,111
DHR,Danaher Corporation,stock,Healthcare,Diagnostics & Research,817006,1680000,1|3|6|7|8,-13.05,2026-07-10,199.050003,USD,current,32,9,1364032,3260000,670009,1475000,1/29/2025,12/17/2025,6,10|25|72|92|124|126
DRI,"Darden Restaurants, Inc.",stock,Consumer Cyclical,Restaurants,2002,30000,4|8,10.99,2026-07-10,204.25,USD,current,11,7,88011,320000,70007,225000,1/29/2025,12/23/2025,2,44|128
DDOG,"Datadog, Inc.",stock,Technology,Software—Application,183007,495000,1|3|4|6|7|8,89.38,2026-07-10,257.540009,USD,current,23,4,255023,875000,67004,180000,1/29/2025,12/23/2025,7,10|25|44|71|92|143
DAY,"Dayforce, Inc. Common Stock",stock,Technology,Software - Application,66003,165000,1|7|8,,,,,unavailable,4,0,67004,180000,0,0,4/8/2025,12/12/2025,3,10|83|143
DECK,Deckers Outdoor Corporation,stock,Consumer Cyclical,Footwear & Accessories,200003,450000,1|6|7,2.24,2026-07-10,105.989998,USD,current,10,5,228010,645000,47005,180000,1/29/2025,12/17/2025,3,10|71|95
DE,Deere & Company,stock,Industrials,Farm & Heavy Construction Machinery,667006,1430000,1|3|6|7|8,26.05,2026-07-10,586.859985,USD,current,25,5,859025,2235000,166005,365000,1/29/2025,12/17/2025,6,10|25|75|90|130|131
DELL,Dell Technologies Inc.,stock,Technology,Computer Hardware,104005,310000,3|6|7|8,245.54,2026-07-10,434.970001,USD,current,16,8,248016,770000,50008,225000,1/29/2025,11/18/2025,5,25|73|81|123|131
DAL,"Delta Air Lines, Inc.",stock,Industrials,Airlines,353006,745000,1|2|3|6|7|8,25.92,2026-07-10,87.389999,USD,current,18,5,250018,800000,33005,145000,1/29/2025,12/17/2025,6,10|18|25|73|94|129
DLX,Deluxe Corporation,stock,Industrials,Conglomerates,15001,50000,7,9.76,2026-07-10,24.51,USD,current,5,2,19005,110000,16002,65000,1/30/2025,6/30/2025,1,83
DVN,Devon Energy Corporation Common Stock,stock,Energy,Oil & Gas E&P,118005,345000,1|2|4|6|8,15.29,2026-07-10,42.23,USD,current,12,6,139012,485000,20006,125000,1/29/2025,12/17/2025,5,10|18|44|75|127
DXCM,"DexCom, Inc.",stock,Healthcare,Medical Devices,54005,160000,3|4|7|8,12.94,2026-07-10,74.959999,USD,current,27,13,273027,970000,217013,655000,1/6/2025,12/23/2025,5,25|44|108|143
DRH,DiamondRock Hospitality Company,stock,Real Estate,REIT—Hotel & Motel,15001,50000,7,32.59,2026-07-10,11.88,USD,current,6,2,34006,160000,30002,100000,1/30/2025,5/29/2025,1,102
FANG,"Diamondback Energy, Inc.",stock,Energy,Oil & Gas E&P,168006,445000,1|3|4|6|7|8,21.99,2026-07-10,183.389999,USD,current,20,4,167020,630000,46004,165000,1/29/2025,12/17/2025,6,10|25|44|74|102|132
DGII,Digi International Inc.,stock,Technology,Communication Equipment,50001,100000,7,56.36,2026-07-10,67.690002,USD,current,5,1,5005,75000,1001,15000,1/30/2025,5/29/2025,1,86
DLR,"Digital Realty Trust, Inc.",stock,Real Estate,REIT—Specialty,368006,845000,2|3|6|7|8,16.61,2026-07-10,180.410004,USD,current,18,5,341018,990000,33005,145000,1/29/2025,12/18/2025,6,18|25|75|110|128|131
DOCN,"DigitalOcean Holdings, Inc.",stock,Technology,Software—Infrastructure,50001,100000,7,171.18,2026-07-10,130.490005,USD,current,9,3,86009,290000,45003,150000,1/30/2025,9/2/2025,1,93
DCOM,"Dime Commercial Bancshares, Inc. Common Stock",stock,Financial Services,Banks—Regional,15001,50000,7,32.27,2026-07-10,39.799999,USD,current,5,1,47005,180000,15001,50000,1/30/2025,5/29/2025,1,91
DIOD,Diodes Incorporated,stock,Technology,Semiconductors,1001,15000,7,95.34,2026-07-10,96.379997,USD,current,9,2,37009,205000,65002,150000,1/30/2025,11/24/2025,1,109
DG,Dollar General Corporation Common Stock,stock,Consumer Defensive,Discount Stores,83006,245000,1|3|4|7|8,-10.43,2026-07-10,118.919998,USD,current,14,4,77014,330000,67004,180000,1/6/2025,12/17/2025,6,10|25|44|98|120|125
DLTR,"Dollar Tree, Inc.",stock,Consumer Defensive,Discount Stores,68005,195000,1|4|7|8,1.54,2026-07-10,124.910004,USD,current,13,4,139013,435000,103004,295000,1/6/2025,12/17/2025,5,11|44|113|143
D,"Dominion Energy, Inc.",stock,Utilities,Utilities—Regulated Electric,183007,495000,1|3|4|6|7|8,19.61,2026-07-10,70.080002,USD,current,27,6,486027,1340000,34006,160000,1/29/2025,12/23/2025,7,11|25|39|76|111|133|134
DPZ,"Domino's Pizza, Inc.",stock,Consumer Cyclical,Restaurants,2002,30000,1|7,-28.16,2026-07-10,299.459991,USD,current,3,5,31003,115000,5005,75000,3/10/2025,11/18/2025,2,11|105
DFIN,"Donnelley Financial Solutions, Inc.",stock,Technology,Software—Application,15001,50000,7,-4.35,2026-07-10,44.66,USD,current,6,4,34006,160000,18004,95000,1/30/2025,10/23/2025,1,83
DASH,"DoorDash, Inc.",stock,Consumer Cyclical,Internet Retail,283006,645000,2|3|4|6|8,-15.3,2026-07-10,191.820007,USD,current,32,11,411032,1340000,179011,510000,1/29/2025,12/18/2025,6,18|25|44|71|143
LPG,Dorian LPG Ltd.,stock,Energy,Oil & Gas Midstream,15001,50000,7,64.54,2026-07-10,40.049999,USD,current,5,2,19005,110000,16002,65000,1/30/2025,5/29/2025,1,82
DORM,"Dorman Products, Inc.",stock,Consumer Cyclical,Auto Parts,50001,100000,7,12.43,2026-07-10,138.5,USD,current,9,3,65009,275000,31003,115000,1/30/2025,12/26/2025,1,87
DV,"DoubleVerify Holdings, Inc.",stock,Communication Services,Advertising Agencies,15001,50000,7,2.01,2026-07-10,11.67,USD,current,11,3,67011,305000,45003,150000,1/30/2025,11/24/2025,1,85
DEI,"Douglas Emmett, Inc.",stock,Real Estate,REIT—Office,15001,50000,7,9.28,2026-07-10,12.01,USD,current,9,4,114009,360000,60004,200000,1/30/2025,12/26/2025,1,94
DOV,Dover Corporation,stock,Industrials,Specialty Industrial Machinery,67004,180000,1|2|3|8,10.29,2026-07-10,215.330002,USD,current,12,3,131012,440000,66003,165000,2/6/2025,12/17/2025,4,11|18|25|126
DOW,Dow Inc.,stock,Basic Materials,Chemicals,103005,245000,4|7|8,24.17,2026-07-10,29.030001,USD,current,22,12,197022,655000,138012,420000,1/6/2025,12/29/2025,5,37|39|99|133
DKNG,DraftKings Inc.,stock,Consumer Cyclical,Gambling,2002,30000,7|8,-23.17,2026-07-10,26.475,USD,current,3,4,31003,115000,32004,130000,3/10/2025,11/17/2025,2,81|143
DBX,"Dropbox, Inc.",stock,Technology,Software—Infrastructure,1001,15000,8,5,2026-07-10,29.190001,USD,current,1,1,15001,50000,1001,15000,1/29/2025,3/10/2025,1,143
DD,"DuPont de Nemours, Inc.",stock,Basic Materials,Specialty Chemicals,20006,125000,1|2|3|7|8,11.67,2026-07-10,134.679993,USD,current,14,8,204014,635000,121008,390000,1/29/2025,12/8/2025,6,11|18|25|83|119|127
DUK,Duke Energy Corporation,stock,Utilities,Utilities—Regulated Electric,1733010,6595000,1|2|3|4|6|7|8,7.06,2026-07-10,125.480003,USD,current,45,13,1886045,4665000,1216013,5640000,1/29/2025,12/26/2025,10,11|18|25|39|40|76|93|100|135
DUOL,"Duolingo, Inc.",stock,Technology,Software—Application,1001,15000,8,-28.91,2026-07-10,124.760002,USD,current,4,3,32004,130000,31003,115000,2/24/2025,11/17/2025,1,143
DT,"Dynatrace, Inc.",stock,Technology,Software—Application,1001,15000,8,0.78,2026-07-10,43.68,USD,current,2,2,65002,150000,16002,65000,1/29/2025,9/8/2025,1,143
DVAX,Dynavax Technologies Corporation Common Stock,stock,Healthcare,Biotechnology,15001,50000,7,,,,,unavailable,8,3,36008,190000,52003,130000,1/30/2025,10/23/2025,1,83
EME,"EMCOR Group, Inc.",stock,Industrials,Engineering & Construction,4004,60000,1|3|8,27.79,2026-07-10,781.780029,USD,current,9,4,135009,375000,131004,365000,2/24/2025,12/4/2025,4,11|25|115
EOG,"EOG Resources, Inc.",stock,Energy,Oil & Gas E&P,133006,395000,1|2|3|6|7|8,27.7,2026-07-10,134.100006,USD,current,35,14,556035,1715000,431014,1040000,1/29/2025,12/23/2025,6,11|18|25|76|114|130
EPAM,"EPAM Systems, Inc.",stock,Technology,Information Technology Services,18004,95000,1|7|8,-59.05,2026-07-10,83.889999,USD,current,5,2,19005,110000,2002,30000,3/3/2025,12/17/2025,4,11|113|144
EQT,EQT Corporation,stock,Energy,Oil & Gas E&P,132005,380000,1|3|6|7|8,-8.86,2026-07-10,48.849998,USD,current,13,3,154013,535000,66003,165000,1/29/2025,12/17/2025,5,11|25|73|106|121
ESAB,ESAB Corporation,stock,Industrials,Metal Fabrication,15001,50000,7,-20.19,2026-07-10,89.160004,USD,current,1,0,15001,50000,0,0,4/8/2025,4/8/2025,1,82
ESE,ESCO Technologies Inc.,stock,Technology,Scientific & Technical Instruments,100001,250000,7,68.44,2026-07-10,329.119995,USD,current,10,4,52010,255000,32004,130000,1/30/2025,10/16/2025,1,94
EVTC,"EVERTEC, Inc.",stock,Technology,Software—Infrastructure,15001,50000,7,0.55,2026-07-10,29.25,USD,current,7,5,84007,260000,33005,145000,1/30/2025,12/26/2025,1,109
EZPW,"EZCORP, Inc. - Class A Non-Voting Common Stock",stock,Financial Services,Credit Services,15001,50000,7,75.44,2026-07-10,34.07,USD,current,0,0,0,0,0,0,,,1,92
EGBN,"Eagle Bancorp, Inc.",stock,Financial Services,Banks—Regional,15001,50000,7,25.44,2026-07-10,26.870001,USD,current,5,3,19005,110000,31003,115000,1/30/2025,10/23/2025,1,105
EWBC,"East West Bancorp, Inc.",stock,Financial Services,Banks—Regional,16002,65000,7|8,17.04,2026-07-10,131.539993,USD,current,3,1,31003,115000,15001,50000,3/10/2025,5/5/2025,2,110|131
EGP,"EastGroup Properties, Inc.",stock,Real Estate,REIT—Industrial,2002,30000,8,17.67,2026-07-10,209.619995,USD,current,2,0,2002,30000,0,0,4/11/2025,9/8/2025,2,121|125
DEA,"Easterly Government Properties, Inc. Common Stock",stock,Real Estate,REIT—Office,15001,50000,7,17.37,2026-07-10,24.870001,USD,current,5,4,47005,180000,32004,130000,1/30/2025,12/26/2025,1,91
EMN,Eastman Chemical Company,stock,Basic Materials,Specialty Chemicals,115002,300000,7,5.86,2026-07-10,67.57,USD,current,6,4,132006,330000,18004,95000,1/29/2025,12/26/2025,2,93|114
ETN,Eaton Corporation plc,stock,Industrials,Specialty Industrial Machinery,567005,1180000,3|6|7|8,27.87,2026-07-10,407.279999,USD,current,24,8,801024,2015000,233008,595000,1/29/2025,12/11/2025,5,25|75|108|132|133
ECL,Ecolab Inc.,stock,Basic Materials,Specialty Chemicals,353006,745000,1|3|6|7|8,4.49,2026-07-10,274.309998,USD,current,17,5,476017,1190000,33005,145000,1/29/2025,12/18/2025,6,11|25|73|87|125|126
EPC,Edgewell Personal Care Company,stock,Consumer Defensive,Household & Personal Products,15001,50000,7,55.31,2026-07-10,26.48,USD,current,10,5,66010,290000,96005,265000,1/30/2025,12/26/2025,1,82
EIX,Edison International,stock,Utilities,Utilities—Regulated Electric,147006,430000,1|4|6|7|8,25.29,2026-07-10,75.199997,USD,current,20,4,174020,610000,46004,165000,1/29/2025,12/17/2025,6,11|44|75|98|124|129
EW,Edwards Lifesciences Corporation,stock,Healthcare,Medical Devices,318006,695000,1|3|6|7|8,8.16,2026-07-10,92.209999,USD,current,18,6,313018,920000,34006,160000,1/6/2025,12/17/2025,6,11|25|71|84|143
ELAN,Elanco Animal Health Incorporated,stock,Healthcare,Drug Manufacturers—Specialty & Generic,1001,15000,8,9.68,2026-07-10,24.82,USD,current,1,0,1001,15000,0,0,4/11/2025,4/11/2025,1,144
EA,Electronic Arts Inc.,stock,Communication Services,Electronic Gaming & Multimedia,368007,795000,1|3|4|6|7|8,1.02,2026-07-10,206.410004,USD,current,20,2,238020,795000,16002,65000,3/5/2025,12/17/2025,7,11|25|44|73|86|118|119
ESI,Element Solutions Inc,stock,Basic Materials,Specialty Chemicals,100001,250000,7,59.34,2026-07-10,39.82,USD,current,5,1,110005,300000,15001,50000,3/24/2025,6/30/2025,1,114
ELV,"Elevance Health, Inc.",stock,Healthcare,Healthcare Plans,653006,1395000,1|3|6|7|8,18.74,2026-07-10,416.230011,USD,current,24,11,712024,1780000,165011,475000,1/6/2025,12/17/2025,6,11|25|76|91|132
LLY,Eli Lilly and Company Common Stock,stock,Healthcare,Drug Manufacturers—General,2550007,11200000,1|2|3|6|7|8,10.6,2026-07-10,1188.579956,USD,current,36,7,3083036,9695000,120007,375000,1/29/2025,12/17/2025,7,11|18|27|77|102|135
EFC,Ellington Financial Inc.,stock,Real Estate,REIT—Mortgage,15001,50000,7,0,2026-07-10,13.58,USD,current,6,1,34006,160000,15001,50000,1/30/2025,7/31/2025,1,101
ELME,Elme Communities,stock,Real Estate,REIT—Residential,15001,50000,7,-91.26,2026-07-10,1.52,USD,current,5,1,5005,75000,1001,15000,1/30/2025,7/31/2025,1,95
EMBC,Embecta Corp.,stock,Healthcare,Medical Instruments & Supplies,15001,50000,7,-72.73,2026-07-10,3.24,USD,current,5,1,19005,110000,1001,15000,1/30/2025,12/22/2025,1,94
EMR,Emerson Electric Co.,stock,Industrials,Specialty Industrial Machinery,418007,945000,1|3|4|6|7|8,4.64,2026-07-10,138.880005,USD,current,16,4,339016,960000,46004,165000,1/29/2025,11/20/2025,7,11|25|33|75|111|129
EIG,"Employers Holdings, Inc.",stock,Financial Services,Insurance—Specialty,15001,50000,7,17.42,2026-07-10,50.689999,USD,current,8,6,99008,310000,97006,280000,1/30/2025,11/24/2025,1,83
ACT,"Enact Holdings, Inc.",stock,Financial Services,Insurance—Specialty,1001,15000,7,12.89,2026-07-10,44.75,USD,current,3,3,31003,115000,17003,80000,4/28/2025,10/23/2025,1,102
EHC,Encompass Health Corporation,stock,Healthcare,Medical Care Facilities,15001,50000,7,3.79,2026-07-10,110.160004,USD,current,1,0,15001,50000,0,0,1/29/2025,1/29/2025,1,100
ECPG,Encore Capital Group Inc - Common Stock,stock,Financial Services,Credit Services,15001,50000,7,70.34,2026-07-10,92.580002,USD,current,4,1,18004,95000,15001,50000,1/30/2025,4/28/2025,1,114
ENR,"Energizer Holdings, Inc.",stock,Industrials,Electrical Equipment & Parts,15001,50000,7,2.92,2026-07-10,20.469999,USD,current,11,3,53011,270000,80003,200000,1/30/2025,12/26/2025,1,99
EPAC,Enerpac Tool Group Corp.,stock,Industrials,Specialty Industrial Machinery,15001,50000,7,-8.13,2026-07-10,35.130001,USD,current,8,6,50008,225000,48006,195000,1/30/2025,11/24/2025,1,111
ENVA,"Enova International, Inc.",stock,Financial Services,Credit Services,50001,100000,7,51.46,2026-07-10,238.089996,USD,current,8,3,113008,345000,80003,200000,1/30/2025,10/16/2025,1,108
ENOV,Enovis Corporation,stock,Healthcare,Medical Devices,15001,50000,7,-3.34,2026-07-10,25.75,USD,current,10,4,129010,410000,95004,250000,1/30/2025,12/26/2025,1,93
ENPH,"Enphase Energy, Inc.",stock,Technology,Solar,15001,50000,7,39.88,2026-07-10,44.830002,USD,current,5,6,132005,380000,97006,280000,1/6/2025,12/26/2025,1,86
NPO,Enpro Inc.,stock,Industrials,Specialty Industrial Machinery,100001,250000,7,54.54,2026-07-10,330.920013,USD,current,9,1,51009,240000,15001,50000,1/30/2025,5/29/2025,1,93
ETR,Entergy Corporation Common Stock,stock,Utilities,Utilities—Regulated Electric,154006,410000,2|3|4|6|7|8,24.47,2026-07-10,115.050003,USD,current,14,0,190014,600000,0,0,1/29/2025,10/31/2025,6,18|25|44|75|108|125
NVRI,Enviri Corporation,stock,Industrials,Waste Management,50001,100000,7,29.91,2026-07-10,23.280001,USD,current,6,2,20006,125000,16002,65000,1/30/2025,5/29/2025,1,88
EFX,Equifax Inc.,stock,Industrials,Consulting Services,103005,245000,1|3|7|8,-23.29,2026-07-10,166.440002,USD,current,19,10,300019,900000,235010,625000,1/29/2025,12/17/2025,5,11|25|88|118
EQIX,"Equinix, Inc.",stock,Real Estate,REIT—Specialty,132005,380000,1|3|7|8,37.21,2026-07-10,1051.209961,USD,current,18,10,468018,1220000,407010,955000,1/29/2025,12/18/2025,5,11|25|90|132
EQH,"Equitable Holdings, Inc.",stock,Financial Services,Asset Management,3003,45000,7|8,-1.36,2026-07-10,47,USD,current,6,5,34006,160000,47005,180000,2/3/2025,11/17/2025,3,99|122|126
ELS,"Equity LifeStyle Properties, Inc.",stock,Real Estate,REIT—Residential,1001,15000,7,4.72,2026-07-10,63.470001,USD,current,1,1,50001,100000,50001,100000,9/8/2025,11/10/2025,1,81
EQR,Equity Residential Common Shares of Beneficial Interest,stock,Real Estate,REIT—Residential,51002,115000,2|7,8.96,2026-07-10,68.690002,USD,current,10,8,129010,410000,99008,310000,1/29/2025,12/11/2025,2,18|87
ERIE,Erie Indemnity Company - Class A Common Stock,stock,Financial Services,Insurance Brokers,18004,95000,1|7|8,-12.15,2026-07-10,251.809998,USD,current,9,5,135009,375000,132005,380000,7/23/2025,12/17/2025,4,11|104|116|119
ESNT,Essent Group Ltd. Common Shares,stock,Financial Services,Insurance—Specialty,1001,15000,8,-1,2026-07-10,64.360001,USD,current,2,1,16002,65000,15001,50000,8/27/2025,10/16/2025,1,120
EPRT,"Essential Properties Realty Trust, Inc.",stock,Real Estate,REIT—Retail,50001,100000,7,5.12,2026-07-10,31.18,USD,current,15,3,395015,1075000,300003,750000,1/30/2025,12/22/2025,1,103
WTRG,"Essential Utilities, Inc.",stock,Utilities,Utilities—Regulated Water,102003,280000,7|8,0.57,2026-07-10,38.580002,USD,current,2,0,51002,115000,0,0,7/14/2025,12/11/2025,3,94|127|129
ESS,"Essex Property Trust, Inc.",stock,Real Estate,REIT—Residential,2002,30000,1|8,12.18,2026-07-10,293.549988,USD,current,7,6,49007,210000,34006,160000,1/29/2025,12/17/2025,2,11|119
EL,"Estee Lauder Companies, Inc. (The) Common Stock",stock,Consumer Defensive,Household & Personal Products,133006,395000,1|3|6|7|8,-21.07,2026-07-10,82.660004,USD,current,11,1,124011,435000,1001,15000,1/6/2025,12/17/2025,6,11|27|72|114|124|125
ETD,Ethan Allen Interiors Inc.,stock,Consumer Cyclical,"Furnishings, Fixtures & Appliances",15001,50000,7,-4.86,2026-07-10,21.73,USD,current,4,2,18004,95000,2002,30000,1/30/2025,11/24/2025,1,98
ETSY,"Etsy, Inc.",stock,Consumer Cyclical,Internet Retail,100001,250000,7,46.19,2026-07-10,81.050003,USD,current,10,4,129010,410000,81004,215000,1/30/2025,11/24/2025,1,110
EVR,Evercore Inc.,stock,Financial Services,Capital Markets,2002,30000,7|8,-1.62,2026-07-10,334.75,USD,current,2,1,16002,65000,15001,50000,3/10/2025,4/11/2025,2,101|123
EG,"Everest Group, Ltd. Common Stock",stock,Financial Services,Insurance—Reinsurance,302004,630000,1|6|7|8,9.2,2026-07-10,370.579987,USD,current,11,6,328011,895000,97006,280000,1/29/2025,12/17/2025,4,8|76|81|122
EVRG,"Evergy, Inc.",stock,Utilities,Utilities—Regulated Electric,3003,45000,1|4|8,18.24,2026-07-10,85.709999,USD,current,5,1,5005,75000,1001,15000,4/17/2025,12/23/2025,3,11|44|121
ES,Eversource Energy,stock,Utilities,Utilities—Regulated Electric,534007,1160000,1|3|4|7|8,11.12,2026-07-10,74.82,USD,current,16,3,178016,595000,151003,365000,2/3/2025,12/23/2025,7,11|25|39|83|94|128|130
ECG,"Everus Construction Group, Inc.",stock,Industrials,Engineering & Construction,100001,250000,7,59.75,2026-07-10,136.679993,USD,current,7,2,49007,210000,16002,65000,1/30/2025,5/15/2025,1,89
EXAS,Exact Sciences Corporation Common Stock,stock,Healthcare,Diagnostics & Research,1001,15000,7,,,,,unavailable,0,0,0,0,0,0,,,1,81
EXEL,"Exelixis, Inc.",stock,Healthcare,Biotechnology,1001,15000,8,28.91,2026-07-10,56.5,USD,current,0,0,0,0,0,0,,,1,144
EXC,Exelon Corporation,stock,Utilities,Utilities—Regulated Electric,184008,510000,1|2|3|4|6|7|8,7.36,2026-07-10,46.799999,USD,current,25,9,222025,855000,65009,275000,1/29/2025,12/23/2025,8,11|18|26|39|74|87|129|133
EXE,Expand Energy Corporation,stock,Energy,Oil & Gas E&P,81004,215000,1|4|7|8,-20.94,2026-07-10,87.25,USD,current,7,3,98007,295000,66003,165000,2/3/2025,12/17/2025,4,11|44|91|129
EXPE,"Expedia Group, Inc.",stock,Consumer Cyclical,Travel Services,168006,445000,3|4|6|7|8,-4.41,2026-07-10,270.829987,USD,current,19,3,188019,695000,66003,165000,1/29/2025,11/14/2025,6,26|44|72|103|119|121
EXPD,"Expeditors International of Washington, Inc. Common Stock",stock,Industrials,Integrated Freight & Logistics,66003,165000,1|7|8,15.44,2026-07-10,172.020004,USD,current,2,0,51002,115000,0,0,10/29/2025,12/12/2025,3,11|85|120
EXR,Extra Space Storage Inc.,stock,Real Estate,REIT—Industrial,53004,145000,3|7|8,10.55,2026-07-10,143.960007,USD,current,15,10,233015,720000,186010,540000,1/29/2025,12/18/2025,4,26|88|127|131
EXTR,"Extreme Networks, Inc.",stock,Technology,Communication Equipment,15001,50000,7,102.46,2026-07-10,33.709999,USD,current,6,5,48006,195000,33005,145000,1/30/2025,12/26/2025,1,84
XOM,ExxonMobil Holdings Corporation,stock,Energy,Oil & Gas Integrated,3180009,12450000,1|2|3|4|6|7|8,15.41,2026-07-10,138.880005,USD,current,51,10,2441051,5740000,164010,460000,1/6/2025,12/17/2025,9,11|19|26|37|77|101|103|136
FFIV,"F5, Inc.",stock,Technology,Software—Infrastructure,16002,65000,7|8,68.61,2026-07-10,430.390015,USD,current,4,1,18004,95000,1001,15000,4/4/2025,11/10/2025,2,85|144
FBK,FB Financial Corporation,stock,Financial Services,Banks—Regional,100001,250000,7,1.58,2026-07-10,56.68,USD,current,6,2,83006,245000,30002,100000,1/30/2025,5/29/2025,1,89
FMC,FMC Corporation,stock,Basic Materials,Agricultural Inputs,15001,50000,7,-21.34,2026-07-10,10.91,USD,current,7,6,147007,380000,83006,245000,1/6/2025,12/26/2025,1,94
FTAI,FTAI Aviation Ltd.,stock,Industrials,Aerospace & Defense,16002,65000,7|8,15.49,2026-07-10,227.350006,USD,current,1,0,15001,50000,0,0,4/4/2025,4/4/2025,2,111|116
FN,Fabrinet,stock,Technology,Electronic Components,1001,15000,8,3.48,2026-07-10,471.130005,USD,current,2,1,16002,65000,15001,50000,3/10/2025,4/11/2025,1,144
FDS,FactSet Research Systems Inc.,stock,Financial Services,Financial Data & Stock Exchanges,165003,400000,1|6|7,-14.85,2026-07-10,247.110001,USD,current,7,4,148007,445000,18004,95000,1/29/2025,12/17/2025,3,11|71|86
FICO,Fair Isaac Corporation,stock,Technology,Software—Application,317005,680000,1|6|7|8,-26.01,2026-07-10,1250.900024,USD,current,10,6,165010,525000,48006,195000,1/29/2025,9/15/2025,5,11|71|87|144
FAST,Fastenal Company,stock,Industrials,Industrial Distribution,653006,1395000,3|6|7|8,15.85,2026-07-10,46.490002,USD,current,13,5,365013,975000,146005,415000,1/29/2025,12/11/2025,6,26|73|89|95|127|128
FDX,FedEx Corporation,stock,Industrials,Integrated Freight & Logistics,353006,745000,1|3|6|7|8,35.2,2026-07-10,314.690002,USD,current,16,4,417016,1105000,67004,180000,1/6/2025,12/17/2025,6,11|26|74|89|130|131
FRT,Federal Realty Investment Trust,stock,Real Estate,REIT—Retail,17003,80000,1|3|7,19.98,2026-07-10,120.940002,USD,current,4,4,67004,180000,67004,180000,1/30/2025,12/17/2025,3,11|26|109
FSS,Federal Signal Corporation,stock,Industrials,Farm & Heavy Construction Machinery,100001,250000,7,6.11,2026-07-10,115.230003,USD,current,9,1,163009,445000,100001,250000,1/30/2025,5/22/2025,1,92
FERG,Ferguson Enterprises Inc.,stock,Industrials,Industrial Distribution,52003,130000,7|8,2.17,2026-07-10,227.460007,USD,current,8,4,50008,225000,18004,95000,1/29/2025,12/11/2025,3,105|124|125
FNF,"Fidelity National Financial, Inc. Common Stock",stock,Financial Services,Insurance—Specialty,17003,80000,7|8,-9.27,2026-07-10,49.529999,USD,current,3,1,17003,80000,15001,50000,5/23/2025,6/5/2025,3,107|116|127
FIS,"Fidelity National Information Services, Inc.",stock,Technology,Information Technology Services,153005,395000,3|6|7|8,-36.83,2026-07-10,41.98,USD,current,19,9,279019,885000,149009,410000,1/29/2025,12/18/2025,5,26|74|88|127
FITB,Fifth Third Bancorp,stock,Financial Services,Banks—Regional,117004,330000,3|4|6|8,21.92,2026-07-10,57.07,USD,current,21,5,521021,1415000,160005,450000,2/3/2025,11/14/2025,4,26|44|74|129
FBP,First BanCorp. New Common Stock,stock,Financial Services,Banks—Regional,50001,100000,7,28.7,2026-07-10,26.68,USD,current,9,4,100009,325000,46004,165000,1/30/2025,11/24/2025,1,87
FBNC,First Bancorp - Common Stock,stock,Financial Services,Banks—Regional,50001,100000,7,25.46,2026-07-10,63.720001,USD,current,6,1,34006,160000,15001,50000,1/30/2025,4/10/2025,1,112
FCNCA,"First Citizens BancShares, Inc. - Class A Common Stock",stock,Financial Services,Banks—Regional,51002,115000,7|8,-2.5,2026-07-10,2092.590088,USD,current,0,0,0,0,0,0,,,2,89|117
FCF,First Commonwealth Financial Corporation Common Stock,stock,Financial Services,Banks—Regional,15001,50000,7,20.34,2026-07-10,20.290001,USD,current,7,1,35007,175000,50001,100000,1/30/2025,5/29/2025,1,92
FFBC,First Financial Bancorp.,stock,Financial Services,Banks—Regional,50001,100000,7,37.77,2026-07-10,34.470001,USD,current,6,1,69006,210000,50001,100000,1/30/2025,4/28/2025,1,92
FHB,"First Hawaiian, Inc.",stock,Financial Services,Banks—Regional,50001,100000,7,19.09,2026-07-10,30.129999,USD,current,10,3,87010,305000,66003,165000,1/30/2025,10/16/2025,1,88
FHN,First Horizon Corporation,stock,Financial Services,Banks—Regional,52003,130000,7|8,7.7,2026-07-10,25.74,USD,current,1,0,15001,50000,0,0,4/4/2025,4/4/2025,3,95|126|128
FR,"First Industrial Realty Trust, Inc. Common Stock",stock,Real Estate,REIT—Industrial,1001,15000,8,13.51,2026-07-10,65.010002,USD,current,1,0,1001,15000,0,0,4/11/2025,4/11/2025,1,122
FSLR,"First Solar, Inc.",stock,Technology,Solar,133006,395000,1|3|6|7|8,-12.79,2026-07-10,227.830002,USD,current,9,2,136009,440000,16002,65000,3/3/2025,12/17/2025,6,11|26|71|85|144|145
FE,FirstEnergy Corp.,stock,Utilities,Utilities—Regulated Electric,167005,430000,1|4|6|7|8,7.04,2026-07-10,47.919998,USD,current,13,1,90013,350000,1001,15000,4/17/2025,12/23/2025,5,11|39|74|87|127
FISV,"Fiserv, Inc.",stock,Technology,Information Technology Services,153005,395000,3|6|7|8,-24.89,2026-07-10,50.450001,USD,current,25,14,787025,1930000,537014,1255000,1/29/2025,12/18/2025,5,26|71|102|145
FLG,"Flagstar Bank, N.A. Common Stock",stock,Financial Services,Banks—Regional,250001,500000,1,19.86,2026-07-10,15.09,USD,current,0,0,0,0,0,0,,,1,7
FLEX,Flex Ltd.,stock,Technology,Electronic Components,2002,30000,4|8,124.76,2026-07-10,135.800003,USD,current,3,1,17003,80000,1001,15000,1/29/2025,12/16/2025,2,45|145
FND,"Floor & Decor Holdings, Inc.",stock,Consumer Cyclical,Home Improvement Retail,1001,15000,8,-6.18,2026-07-10,57.130001,USD,current,3,3,31003,115000,31003,115000,2/24/2025,11/17/2025,1,145
FLS,Flowserve Corporation,stock,Industrials,Specialty Industrial Machinery,51002,115000,7|8,1.59,2026-07-10,70.480003,USD,current,2,0,16002,65000,0,0,4/4/2025,4/11/2025,2,87|118
FLR,Fluor Corporation,stock,Industrials,Engineering & Construction,15001,50000,7,28.03,2026-07-10,50.740002,USD,current,1,0,15001,50000,0,0,4/4/2025,4/4/2025,1,109
FLUT,Flutter Entertainment plc,stock,Consumer Cyclical,Gambling,52003,130000,7|8,-48.54,2026-07-10,110.660004,USD,current,14,8,154014,485000,85008,275000,1/29/2025,12/18/2025,3,88|145
F,Ford Motor Company Common Stock,stock,Consumer Cyclical,Auto Manufacturers,333007,745000,1|3|4|6|7|8,6.71,2026-07-10,14,USD,current,23,8,219023,760000,50008,225000,1/29/2025,12/17/2025,7,11|26|39|76|102|133|134
FORM,"FormFactor, Inc.",stock,Technology,Semiconductor Equipment & Materials,100001,250000,7,110.68,2026-07-10,117.519997,USD,current,6,2,69006,210000,16002,65000,1/30/2025,9/2/2025,1,94
FTNT,"Fortinet, Inc.",stock,Technology,Software—Infrastructure,320008,725000,1|2|3|4|6|7|8,98.35,2026-07-10,157.509995,USD,current,26,8,408026,1170000,85008,275000,1/29/2025,12/17/2025,8,11|19|26|45|71|87|145
FTV,Fortive Corporation Common Stock ,stock,Technology,Scientific & Technical Instruments,51002,115000,1|7,12.66,2026-07-10,62.200001,USD,current,5,3,68005,195000,17003,80000,2/6/2025,12/17/2025,2,11|112
FTRE,Fortrea Holdings Inc.,stock,Healthcare,Biotechnology,50001,100000,7,2.96,2026-07-10,17.76,USD,current,6,2,34006,160000,30002,100000,1/30/2025,5/29/2025,1,88
FWRD,Forward Air Corporation,stock,Industrials,Integrated Freight & Logistics,15001,50000,7,-46.48,2026-07-10,13.38,USD,current,3,1,3003,45000,1001,15000,1/30/2025,4/28/2025,1,100
FCPT,"Four Corners Property Trust, Inc.",stock,Real Estate,REIT—Retail,50001,100000,7,8.24,2026-07-10,24.959999,USD,current,12,5,166012,490000,131005,315000,1/30/2025,12/26/2025,1,98
FOX,Fox Corporation,stock,Communication Services,Entertainment,17003,80000,4|7|8,-24.92,2026-07-10,48.75,USD,current,0,0,0,0,0,0,,,3,45|86|119
FOXA,Fox Corporation Class A Common Stock,stock,Communication Services,Entertainment,101003,215000,1|4|7,-25.93,2026-07-10,54.119999,USD,current,3,0,31003,115000,0,0,10/29/2025,12/17/2025,3,12|45|87
FOXF,Fox Factory Holding Corp.,stock,Consumer Cyclical,Auto Parts,15001,50000,7,-0.7,2026-07-10,16.99,USD,current,5,3,33005,145000,17003,80000,1/30/2025,11/24/2025,1,103
FBRT,"Franklin BSP Realty Trust, Inc.",stock,Real Estate,REIT—Mortgage,50001,100000,7,-19.44,2026-07-10,8.08,USD,current,7,4,98007,295000,46004,165000,1/30/2025,11/24/2025,1,109
FELE,"Franklin Electric Co., Inc.",stock,Industrials,Specialty Industrial Machinery,15001,50000,7,8.48,2026-07-10,103.629997,USD,current,11,3,53011,270000,45003,150000,1/30/2025,10/16/2025,1,86
BEN,"Franklin Resources, Inc.",stock,Financial Services,Asset Management,2002,30000,1|8,40.23,2026-07-10,33.5,USD,current,3,4,31003,115000,32004,130000,1/6/2025,11/18/2025,2,12|126
FCX,Freeport-McMoRan Inc.,stock,Basic Materials,Copper,382007,830000,1|2|3|6|7|8,21.13,2026-07-10,61.52,USD,current,21,8,281021,915000,64008,260000,1/23/2025,12/17/2025,7,12|19|26|73|95|125|128
FDP,Fresh Del Monte Produce Inc. Ordinary Shares,stock,Consumer Defensive,Farm Products,15001,50000,7,-0.28,2026-07-10,28.299999,USD,current,7,2,49007,210000,16002,65000,1/30/2025,6/30/2025,1,84
FRPT,"Freshpet, Inc.",stock,Consumer Defensive,Packaged Foods,50001,100000,7,-12,2026-07-10,53.619999,USD,current,8,2,99008,310000,65002,150000,3/24/2025,10/23/2025,1,102
FTDR,"Frontdoor, Inc.",stock,Consumer Cyclical,Personal Services,50001,100000,7,30.54,2026-07-10,75.309998,USD,current,9,3,114009,360000,52003,130000,1/30/2025,11/24/2025,1,89
FULT,Fulton Financial Corporation,stock,Financial Services,Banks—Regional,50001,100000,7,25.09,2026-07-10,24.18,USD,current,9,2,149009,410000,115002,300000,1/30/2025,5/29/2025,1,102
GIII,"G-III Apparel Group, Ltd.",stock,Consumer Cyclical,Apparel Manufacturing,15001,50000,7,19.99,2026-07-10,34.75,USD,current,6,3,34006,160000,17003,80000,1/30/2025,10/16/2025,1,106
GATX,GATX Corporation,stock,Industrials,Rental & Leasing Services,1001,15000,7,6.21,2026-07-10,180.139999,USD,current,0,0,0,0,0,0,,,1,112
GE,GE Aerospace,stock,Industrials,Aerospace & Defense,1430006,5950000,1|3|4|7|8,16.63,2026-07-10,359.269989,USD,current,30,6,1323030,3045000,119006,360000,1/29/2025,12/11/2025,6,12|26|33|108|129|131
GEHC,GE HealthCare Technologies Inc.,stock,Healthcare,Medical Devices,319007,710000,1|3|4|6|7|8,-21.12,2026-07-10,64.699997,USD,current,20,6,238020,795000,48006,195000,2/5/2025,11/18/2025,7,12|26|45|72|92|115|116
GEV,GE Vernova Inc. Common Stock,stock,Industrials,Specialty Industrial Machinery,617005,1330000,3|6|7|8,67.02,2026-07-10,1091.569946,USD,current,26,9,661026,1715000,135009,375000,1/29/2025,12/11/2025,5,26|72|106|119|120
GFS,GLOBALFOUNDRIES Inc.,stock,Technology,Semiconductors,2002,30000,4|7,97.51,2026-07-10,68.970001,USD,current,4,4,18004,95000,4004,60000,4/4/2025,11/21/2025,2,45|81
GXO,"GXO Logistics, Inc.",stock,Industrials,Integrated Freight & Logistics,15001,50000,7,-3.86,2026-07-10,50.610001,USD,current,1,0,15001,50000,0,0,4/8/2025,4/8/2025,1,95
GRMN,Garmin Ltd. Common Stock (Switzerland),stock,Technology,Scientific & Technical Instruments,18004,95000,3|7|8,19.85,2026-07-10,243.110001,USD,current,12,3,202012,605000,102003,280000,3/5/2025,12/18/2025,4,26|114|122|124
IT,"Gartner, Inc.",stock,Technology,Information Technology Services,117004,330000,6|7|8,-47.19,2026-07-10,133.240005,USD,current,16,12,255016,750000,96012,390000,1/29/2025,12/11/2025,4,71|94|145
GTES,Gates Industrial Corporation plc Ordinary Shares,stock,Industrials,Specialty Industrial Machinery,100001,250000,7,22.68,2026-07-10,26.34,USD,current,11,2,180011,575000,101002,265000,1/30/2025,12/26/2025,1,93
GEN,Gen Digital Inc.,stock,Technology,Software—Infrastructure,82005,230000,1|6|7|8,-4.71,2026-07-10,25.91,USD,current,7,4,112007,330000,32004,130000,1/29/2025,12/17/2025,5,12|70|84|122
GNRC,Generac Holdings Inc.,stock,Industrials,Specialty Industrial Machinery,15001,50000,7,71.55,2026-07-10,233.940002,USD,current,5,2,19005,110000,16002,65000,4/4/2025,11/18/2025,1,93
GD,General Dynamics Corporation Common Stock,stock,Industrials,Aerospace & Defense,383007,895000,1|2|3|6|7|8,11.41,2026-07-10,375.059998,USD,current,18,2,393018,1070000,16002,65000,3/5/2025,11/20/2025,7,12|19|26|75|91|131
GIS,"General Mills, Inc.",stock,Consumer Defensive,Packaged Foods,218006,595000,2|4|7|8,-22.11,2026-07-10,36.220001,USD,current,26,17,626026,1790000,482017,1305000,3/4/2025,12/29/2025,6,19|37|41|90|129|130
GM,General Motors Company,stock,Consumer Cyclical,Auto Manufacturers,368007,795000,1|2|3|6|7|8,-4.27,2026-07-10,77.849998,USD,current,20,5,266020,865000,19005,110000,4/3/2025,12/17/2025,7,12|19|26|74|95|125|126
G,Genpact Limited,stock,Technology,Information Technology Services,1001,15000,8,-37.22,2026-07-10,29.370001,USD,current,0,0,0,0,0,0,,,1,122
GNTX,Gentex Corporation,stock,Consumer Cyclical,Auto Parts,1001,15000,8,4,2026-07-10,24.200001,USD,current,2,1,2002,30000,1001,15000,3/3/2025,4/11/2025,1,119
THRM,Gentherm Incorporated,stock,Consumer Cyclical,Auto Parts,15001,50000,7,-1.48,2026-07-10,35.830002,USD,current,5,2,33005,145000,30002,100000,1/30/2025,5/29/2025,1,112
GPC,Genuine Parts Company,stock,Consumer Cyclical,Auto Parts,752004,1530000,4|6|7|8,2.16,2026-07-10,125.620003,USD,current,12,8,301012,840000,85008,275000,1/29/2025,12/23/2025,4,45|74|111|118
GNW,"Genworth Financial, Inc.",stock,Financial Services,Insurance—Life,100001,250000,7,1.88,2026-07-10,9.2,USD,current,8,1,64008,260000,15001,50000,1/30/2025,5/15/2025,1,90
GTY,Getty Realty Corp.,stock,Real Estate,REIT—Retail,1001,15000,7,25.58,2026-07-10,34.369999,USD,current,8,4,36008,190000,32004,130000,1/30/2025,12/26/2025,1,81
ROCK,"Gibraltar Industries, Inc.",stock,Industrials,Building Products & Equipment,15001,50000,7,-14.6,2026-07-10,42.220001,USD,current,9,3,51009,240000,66003,165000,1/30/2025,12/26/2025,1,82
GILD,"Gilead Sciences, Inc.",stock,Healthcare,Drug Manufacturers—General,782009,1680000,1|2|3|4|6|7|8,5.78,2026-07-10,129.830002,USD,current,41,7,712041,2055000,49007,210000,1/29/2025,12/17/2025,9,12|19|26|39|77|91|135
GBCI,"Glacier Bancorp, Inc.",stock,Financial Services,Banks—Regional,15001,50000,7,16.89,2026-07-10,51.490002,USD,current,1,0,15001,50000,0,0,4/4/2025,4/4/2025,1,103
GKOS,Glaukos Corporation,stock,Healthcare,Medical Devices,100001,250000,7,35.26,2026-07-10,152.720001,USD,current,13,4,209013,610000,130004,300000,1/30/2025,11/28/2025,1,90
GNL,"Global Net Lease, Inc.",stock,Real Estate,REIT—Diversified,15001,50000,7,5.47,2026-07-10,9.07,USD,current,7,3,21007,140000,17003,80000,1/30/2025,10/16/2025,1,102
GPN,Global Payments Inc. Common Stock,stock,Industrials,Specialty Business Services,116003,315000,6|7|8,-1.76,2026-07-10,76.040001,USD,current,11,8,179011,510000,78008,295000,1/29/2025,12/11/2025,3,73|104|120
GL,Globe Life Inc.,stock,Financial Services,Insurance—Life,15001,50000,1,28.08,2026-07-10,179.130005,USD,current,4,0,4004,60000,0,0,10/29/2025,12/17/2025,1,12
GMED,"Globus Medical, Inc. Class A Common Stock",stock,Healthcare,Medical Devices,1001,15000,7,-10.54,2026-07-10,78.110001,USD,current,2,1,16002,65000,15001,50000,4/4/2025,5/23/2025,1,81
GDDY,GoDaddy Inc.,stock,Technology,Software—Infrastructure,18004,95000,1|2|7|8,-28.34,2026-07-10,88.919998,USD,current,11,9,74011,285000,37009,205000,3/5/2025,12/11/2025,4,12|19|82|145
GOGO,Gogo Inc.,stock,Communication Services,Telecom Services,15001,50000,7,-22.1,2026-07-10,3.63,USD,current,4,4,18004,95000,4004,60000,1/30/2025,12/26/2025,1,114
GDEN,"Golden Entertainment, Inc. Common Stock",stock,Consumer Cyclical,Resorts & Casinos,15001,50000,7,0,2026-05-07,28.549999,USD,stale_or_delisted,6,3,48006,195000,17003,80000,1/30/2025,10/23/2025,1,85
GSHD,"Goosehead Insurance, Inc. - Class A Common Stock",stock,Financial Services,Insurance Brokers,15001,50000,7,-27.3,2026-07-10,53.540001,USD,current,10,3,101010,340000,80003,200000,1/30/2025,11/24/2025,1,84
GGG,Graco Inc.,stock,Industrials,Specialty Industrial Machinery,1001,15000,8,-9.72,2026-07-10,74,USD,current,1,1,50001,100000,50001,100000,2/6/2025,4/4/2025,1,121
LOPE,"Grand Canyon Education, Inc.",stock,Consumer Defensive,Education & Training Services,15001,50000,7,-9.21,2026-07-10,151,USD,current,1,1,50001,100000,15001,50000,11/10/2025,12/11/2025,1,97
GVA,Granite Construction Incorporated,stock,Industrials,Engineering & Construction,100001,250000,7,6.16,2026-07-10,122.459999,USD,current,8,2,85008,275000,30002,100000,1/30/2025,4/28/2025,1,103
GRBK,"Green Brick Partners, Inc.",stock,Consumer Cyclical,Residential Construction,15001,50000,7,17.52,2026-07-10,73.639999,USD,current,4,2,18004,95000,16002,65000,1/30/2025,4/28/2025,1,112
GBX,"Greenbrier Companies, Inc. (The) Common Stock",stock,Industrials,Railroads,15001,50000,7,1.2,2026-07-10,47.299999,USD,current,7,2,35007,175000,16002,65000,1/30/2025,11/24/2025,1,109
GDYN,"Grid Dynamics Holdings, Inc.",stock,Technology,Information Technology Services,15001,50000,7,-34.99,2026-07-10,5.87,USD,current,8,4,50008,225000,32004,130000,1/30/2025,11/24/2025,1,103
GFF,Griffon Corporation,stock,Industrials,Building Products & Equipment,15001,50000,7,23.71,2026-07-10,91.110001,USD,current,7,5,56007,190000,33005,145000,1/30/2025,11/24/2025,1,85
GO,Grocery Outlet Holding Corp.,stock,Consumer Defensive,Grocery Stores,15001,50000,7,-1.19,2026-07-10,9.98,USD,current,8,3,64008,260000,45003,150000,1/30/2025,12/26/2025,1,82
GPI,"Group 1 Automotive, Inc.",stock,Consumer Cyclical,Auto & Truck Dealerships,50001,100000,7,-23.75,2026-07-10,299.880005,USD,current,11,5,144011,460000,131005,315000,1/30/2025,12/26/2025,1,88
GES,"Guess?, Inc. Common Stock",stock,Consumer Cyclical,Apparel Retail,15001,50000,7,,,,,unavailable,2,1,2002,30000,1001,15000,2/3/2025,4/28/2025,1,106
GWRE,"Guidewire Software, Inc.",stock,Technology,Software—Application,16002,65000,7|8,-32.28,2026-07-10,136.130005,USD,current,4,2,18004,95000,2002,30000,3/5/2025,11/10/2025,2,85|146
HRB,"H&R Block, Inc.",stock,Consumer Cyclical,Personal Services,16002,65000,7|8,-9.16,2026-07-10,39.59,USD,current,3,3,31003,115000,3003,45000,5/19/2025,12/11/2025,2,102|117
FUL,H.B. Fuller Company,stock,Basic Materials,Specialty Chemicals,50001,100000,7,-5.97,2026-07-10,55.91,USD,current,8,2,71008,240000,30002,100000,1/30/2025,11/24/2025,1,87
HTO,H2O America,stock,Utilities,Utilities—Regulated Water,100001,250000,7,25.47,2026-07-10,61.470001,USD,current,3,4,130003,350000,18004,95000,5/15/2025,12/26/2025,1,103
HASI,"HA Sustainable Infrastructure Capital, Inc.",stock,Financial Services,Asset Management,50001,100000,7,20.33,2026-07-10,37.82,USD,current,0,0,0,0,0,0,,,1,104
HCA,"HCA Healthcare, Inc. Common Stock",stock,Healthcare,Medical Care Facilities,668007,1445000,1|2|3|6|7|8,-12.91,2026-07-10,406.589996,USD,current,13,1,330013,925000,1001,15000,1/6/2025,12/17/2025,7,12|19|26|74|99|124|127
HCI,"HCI Group, Inc.",stock,Financial Services,Insurance—Property & Casualty,15001,50000,7,-4.74,2026-07-10,182.600006,USD,current,5,2,19005,110000,16002,65000,1/30/2025,7/31/2025,1,103
DINO,HF Sinclair Corporation,stock,Energy,Oil & Gas Refining & Marketing,50001,100000,7,69.42,2026-07-10,78.07,USD,current,1,1,15001,50000,1001,15000,1/6/2025,4/4/2025,1,87
HNI,HNI Corporation,stock,Consumer Cyclical,"Furnishings, Fixtures & Appliances",15001,50000,7,-4.97,2026-07-10,39.950001,USD,current,8,5,71008,240000,47005,180000,1/30/2025,12/26/2025,1,114
HPQ,HP Inc.,stock,Technology,Computer Hardware,16002,65000,1|4,8.71,2026-07-10,24.219999,USD,current,15,13,92015,380000,62013,280000,2/3/2025,12/23/2025,2,12|45
HAL,Halliburton Company,stock,Energy,Oil & Gas Equipment & Services,18004,95000,1|4|7|8,21.69,2026-07-10,34.389999,USD,current,9,4,86009,290000,81004,215000,1/29/2025,12/17/2025,4,12|45|81|128
HALO,"Halozyme Therapeutics, Inc.",stock,Healthcare,Biotechnology,1001,15000,8,13.22,2026-07-10,76.199997,USD,current,1,1,1001,15000,1001,15000,4/11/2025,6/12/2025,1,146
HAFC,Hanmi Financial Corporation,stock,Financial Services,Banks—Regional,15001,50000,7,18.57,2026-07-10,32.049999,USD,current,4,4,18004,95000,4004,60000,1/30/2025,9/2/2025,1,82
HRMY,"Harmony Biosciences Holdings, Inc.",stock,Healthcare,Biotechnology,1001,15000,7,-1.55,2026-07-10,36.84,USD,current,8,4,22008,155000,32004,130000,1/30/2025,12/26/2025,1,104
HAS,"Hasbro, Inc.",stock,Consumer Cyclical,Leisure,101002,265000,1|6,-3.71,2026-07-10,78.959999,USD,current,5,3,167005,430000,17003,80000,3/5/2025,11/18/2025,2,12|74
HE,"Hawaiian Electric Industries, Inc.",stock,Utilities,Utilities—Regulated Electric,15001,50000,7,10.33,2026-07-10,13.57,USD,current,1,0,15001,50000,0,0,12/22/2025,12/22/2025,1,109
HWKN,"Hawkins, Inc.",stock,Basic Materials,Specialty Chemicals,50001,100000,7,-5.84,2026-07-10,133.759995,USD,current,6,2,34006,160000,16002,65000,1/30/2025,11/24/2025,1,86
HAYW,"Hayward Holdings, Inc.",stock,Industrials,Electrical Equipment & Parts,50001,100000,7,3.04,2026-07-10,15.92,USD,current,9,3,65009,275000,31003,115000,1/30/2025,10/23/2025,1,94
HCSG,"Healthcare Services Group, Inc.",stock,Healthcare,Medical Care Facilities,15001,50000,7,24.42,2026-07-10,23.790001,USD,current,4,2,18004,95000,2002,30000,1/30/2025,5/29/2025,1,85
DOC,"Healthpeak Properties, Inc.",stock,Real Estate,REIT—Healthcare Facilities,15001,50000,1,34.64,2026-07-10,21.65,USD,current,7,4,134007,410000,67004,180000,1/29/2025,12/17/2025,1,12
HTLD,"Heartland Express, Inc.",stock,Industrials,Trucking,15001,50000,7,63.9,2026-07-10,14.8,USD,current,6,2,48006,195000,30002,100000,1/30/2025,11/24/2025,1,85
HEI,Heico Corporation Common Stock,stock,Industrials,Aerospace & Defense,1001,15000,7,8.45,2026-07-10,350.920013,USD,current,10,5,80010,325000,47005,180000,1/29/2025,12/11/2025,1,81
HEI-A,Heico Corporation Common Stock,stock,Industrials,Aerospace & Defense,17003,80000,7|8,0.65,2026-07-10,254.070007,USD,current,0,0,0,0,0,0,,,3,109|115
HLX,"Helix Energy Solutions Group, Inc.",stock,Energy,Oil & Gas Equipment & Services,1001,15000,7,47.05,2026-07-10,9.22,USD,current,7,4,49007,210000,46004,165000,1/30/2025,12/26/2025,1,81
HP,"Helmerich & Payne, Inc.",stock,Energy,Oil & Gas Drilling,50001,100000,7,16.21,2026-07-10,33.330002,USD,current,8,2,64008,260000,30002,100000,1/30/2025,7/31/2025,1,108
HSIC,"Henry Schein, Inc.",stock,Healthcare,Medical Distribution,1001,15000,1,11.67,2026-07-10,84.400002,USD,current,3,4,31003,115000,18004,95000,1/29/2025,11/18/2025,1,12
HTZ,"Hertz Global Holdings, Inc.",stock,Industrials,Rental & Leasing Services,1001,15000,7,-60.12,2026-07-10,2.05,USD,current,2,0,2002,30000,0,0,1/30/2025,2/24/2025,1,103
HPE,Hewlett Packard Enterprise Company,stock,Technology,Communication Equipment,69006,210000,3|4|6|7|8,102.08,2026-07-10,48.540001,USD,current,12,6,89012,335000,6006,90000,1/29/2025,12/15/2025,6,26|45|70|104|126|128
HI,"Hillenbrand, Inc. Common Stock",stock,Industrials,Specialty Industrial Machinery,50001,100000,7,,,,,unavailable,8,2,50008,225000,30002,100000,1/30/2025,7/31/2025,1,106
HTH,Hilltop Holdings Inc.,stock,Financial Services,Financial Conglomerates,15001,50000,7,12.85,2026-07-10,38.299999,USD,current,5,2,19005,110000,2002,30000,1/30/2025,7/31/2025,1,85
HLT,Hilton Worldwide Holdings Inc.,stock,Consumer Cyclical,Lodging,653006,1395000,1|3|6|7|8,16.79,2026-07-10,335.480011,USD,current,19,4,478019,1220000,32004,130000,3/5/2025,12/17/2025,6,12|26|73|99|117|118
HOLX,"Hologic, Inc. Common Stock",stock,Healthcare,Medical Instruments & Supplies,17003,80000,1|7|8,,,,,unavailable,8,5,50008,225000,33005,145000,1/29/2025,12/17/2025,3,12|84|146
HOMB,"Home BancShares, Inc.",stock,Financial Services,Banks—Regional,15001,50000,7,3.38,2026-07-10,28.719999,USD,current,1,0,15001,50000,0,0,4/4/2025,4/4/2025,1,101
HON,Honeywell International Inc.,stock,Industrials,Conglomerates,247007,680000,1|2|3|4|7|8,10.66,2026-07-10,226.419998,USD,current,34,10,1274034,3110000,913010,1995000,1/29/2025,12/11/2025,7,12|19|26|38|104|132|134
HOPE,"Hope Bancorp, Inc.",stock,Financial Services,Banks—Regional,50001,100000,7,22.63,2026-07-10,13.44,USD,current,4,2,32004,130000,30002,100000,1/30/2025,5/29/2025,1,86
HMN,Horace Mann Educators Corporation,stock,Financial Services,Insurance—Property & Casualty,50001,100000,7,13.75,2026-07-10,52.529999,USD,current,6,1,34006,160000,15001,50000,1/30/2025,5/15/2025,1,109
HRL,Hormel Foods Corporation,stock,Consumer Defensive,Packaged Foods,3003,45000,1|3|4,4.35,2026-07-10,24.73,USD,current,11,5,25011,200000,19005,110000,4/17/2025,12/23/2025,3,12|26|45
HST,"Host Hotels & Resorts, Inc.",stock,Real Estate,REIT—Hotel & Motel,18004,95000,1|3|7|8,30.74,2026-07-10,23.18,USD,current,5,1,19005,110000,1001,15000,4/4/2025,12/17/2025,4,12|26|111|126
HLI,"Houlihan Lokey, Inc.",stock,Financial Services,Capital Markets,51002,115000,7|8,-22.31,2026-07-10,135.330002,USD,current,3,0,66003,165000,0,0,3/10/2025,4/11/2025,2,98|119
HWM,Howmet Aerospace Inc.,stock,Industrials,Aerospace & Defense,382006,880000,1|3|6|7|8,32.11,2026-07-10,270.850006,USD,current,19,4,244019,835000,18004,95000,1/29/2025,12/11/2025,6,12|26|72|106|118
HUBG,"Hub Group, Inc.",stock,Industrials,Integrated Freight & Logistics,50001,100000,7,8.43,2026-07-10,46.200001,USD,current,9,4,51009,240000,32004,130000,1/30/2025,10/23/2025,1,94
HUBS,"HubSpot, Inc.",stock,Technology,Software—Application,16002,65000,7|8,-48.3,2026-07-10,207.479996,USD,current,12,9,152012,455000,121009,340000,1/29/2025,12/18/2025,2,106|146
HUBB,Hubbell Incorporated,stock,Industrials,Electrical Equipment & Parts,4004,60000,1|3|7|8,10.54,2026-07-10,490.940002,USD,current,5,2,19005,110000,16002,65000,2/3/2025,10/31/2025,4,12|26|81|121
HUM,Humana Inc.,stock,Healthcare,Healthcare Plans,118005,345000,3|6|7|8,53.13,2026-07-10,392.220001,USD,current,15,8,247015,755000,36008,190000,1/29/2025,11/18/2025,5,26|73|83|121|123
HBAN,Huntington Bancshares Incorporated,stock,Financial Services,Banks—Regional,631006,1315000,1|4|7|8,3,2026-07-10,17.870001,USD,current,21,3,393021,1045000,101003,215000,2/6/2025,12/17/2025,6,12|45|91|110|111|130
HII,"Huntington Ingalls Industries, Inc.",stock,Industrials,Aerospace & Defense,31003,115000,1|7|8,-15.87,2026-07-10,286.089996,USD,current,4,0,18004,95000,0,0,4/3/2025,12/17/2025,3,12|93|123
H,Hyatt Hotels Corporation,stock,Consumer Cyclical,Lodging,16002,65000,7|8,19.22,2026-07-10,191.139999,USD,current,2,0,16002,65000,0,0,4/4/2025,4/11/2025,2,111|116
IAC,IAC Inc. Common Stock,stock,Communication Services,Internet Content & Information,15001,50000,7,,,,,unavailable,8,5,22008,155000,19005,110000,1/30/2025,11/24/2025,1,82
ICLR,ICON Public Limited Company,stock,Healthcare,Diagnostics & Research,1001,15000,4,-7.96,2026-07-10,167.720001,USD,current,4,0,4004,60000,0,0,6/13/2025,11/21/2025,1,45
ICUI,"ICU Medical, Inc.",stock,Healthcare,Medical Instruments & Supplies,50001,100000,7,8.24,2026-07-10,154.419998,USD,current,13,4,69013,335000,46004,165000,1/30/2025,12/22/2025,1,110
IEX,IDEX Corporation,stock,Industrials,Specialty Industrial Machinery,1001,15000,8,24.85,2026-07-10,222.160004,USD,current,3,4,3003,45000,4004,60000,3/3/2025,11/18/2025,1,119
IDXX,"IDEXX Laboratories, Inc.",stock,Healthcare,Diagnostics & Research,383007,895000,1|3|4|6|7|8,-16.7,2026-07-10,563.570007,USD,current,25,4,236025,890000,18004,95000,1/6/2025,12/17/2025,7,12|26|45|71|89|146
IQV,IQVIA Holdings Inc.,stock,Healthcare,Diagnostics & Research,318006,695000,1|3|6|7|8,-7.79,2026-07-10,207.850006,USD,current,13,4,252013,705000,18004,95000,1/29/2025,12/17/2025,6,13|27|71|108|147
ITT,ITT Inc.,stock,Industrials,Specialty Industrial Machinery,100001,250000,7,12.39,2026-07-10,195,USD,current,2,1,51002,115000,1001,15000,3/5/2025,4/4/2025,1,89
ITW,Illinois Tool Works Inc.,stock,Industrials,Specialty Industrial Machinery,703006,1545000,3|6|7|8,9.14,2026-07-10,268.809998,USD,current,14,6,551014,1290000,283006,645000,1/29/2025,12/4/2025,6,26|74|90|113|133
ILMN,"Illumina, Inc.",stock,Healthcare,Diagnostics & Research,3003,45000,4|8,45.01,2026-07-10,190.199997,USD,current,5,3,5005,75000,3003,45000,3/3/2025,8/15/2025,3,45|147
PI,"Impinj, Inc.",stock,Technology,Semiconductors,100001,250000,7,-17.23,2026-07-10,144.029999,USD,current,9,2,65009,275000,30002,100000,1/30/2025,6/30/2025,1,99
INCY,Incyte Corporation,stock,Healthcare,Biotechnology,3003,45000,1|8,18.16,2026-07-10,116.709999,USD,current,3,2,31003,115000,30002,100000,4/4/2025,7/23/2025,3,12|147
INDB,Independent Bank Corp. - Common Stock,stock,Financial Services,Banks—Regional,50001,100000,7,14.55,2026-07-10,83.709999,USD,current,10,2,129010,410000,65002,150000,1/30/2025,7/31/2025,1,89
INDV,"Indivior Pharmaceuticals, Inc.  - Common Stock",stock,Healthcare,Drug Manufacturers—Specialty & Generic,15001,50000,7,12.88,2026-07-10,40.5,USD,current,1,1,50001,100000,1001,15000,12/22/2025,12/26/2025,1,86
IR,Ingersoll Rand Inc.,stock,Industrials,Specialty Industrial Machinery,102003,280000,3|6|8,-0.47,2026-07-10,78.849998,USD,current,14,7,338014,920000,148007,445000,1/29/2025,12/4/2025,3,26|72|115
NGVT,Ingevity Corporation,stock,Basic Materials,Specialty Chemicals,50001,100000,7,21.78,2026-07-10,72.07,USD,current,6,3,34006,160000,3003,45000,1/30/2025,6/30/2025,1,88
INGR,Ingredion Incorporated,stock,Consumer Defensive,Packaged Foods,17003,80000,7|8,-10.44,2026-07-10,98.75,USD,current,3,0,17003,80000,0,0,11/10/2025,11/17/2025,3,86|115|147
IOSP,Innospec Inc.,stock,Basic Materials,Specialty Chemicals,15001,50000,7,6.64,2026-07-10,81.620003,USD,current,11,5,201011,590000,195005,500000,1/30/2025,12/26/2025,1,101
IIPR,"Innovative Industrial Properties, Inc. Common Stock",stock,Real Estate,REIT—Industrial,15001,50000,7,36.06,2026-07-10,64.440002,USD,current,9,5,51009,240000,33005,145000,1/30/2025,12/26/2025,1,82
INVX,"Innovex International, Inc. Common Stock",stock,Energy,Oil & Gas Equipment & Services,15001,50000,7,16.46,2026-07-10,25.469999,USD,current,3,1,3003,45000,1001,15000,1/30/2025,5/29/2025,1,82
INVA,"Innoviva, Inc.",stock,Healthcare,Biotechnology,1001,15000,7,11.26,2026-07-10,22.24,USD,current,5,6,33005,145000,34006,160000,1/31/2025,12/26/2025,1,96
NSIT,"Insight Enterprises, Inc.",stock,Technology,Electronics & Computer Distribution,50001,100000,7,47.06,2026-07-10,119.809998,USD,current,12,5,201012,540000,180005,400000,1/30/2025,12/22/2025,1,98
INSM,Insmed Incorporated,stock,Healthcare,Biotechnology,52003,130000,7|8,-33.57,2026-07-10,115.610001,USD,current,5,2,33005,145000,16002,65000,2/24/2025,8/4/2025,3,103|147
NSP,"Insperity, Inc.",stock,Industrials,Staffing & Employment Services,15001,50000,7,17.54,2026-07-10,45.509998,USD,current,1,1,15001,50000,1001,15000,12/22/2025,12/26/2025,1,98
INSP,"Inspire Medical Systems, Inc.",stock,Healthcare,Medical Devices,15001,50000,7,-43.88,2026-07-10,51.759998,USD,current,12,5,187012,505000,166005,365000,1/30/2025,12/26/2025,1,109
IBP,"Installed Building Products, Inc. Common Stock",stock,Consumer Cyclical,Residential Construction,100001,250000,7,-13.21,2026-07-10,225.130005,USD,current,9,2,135009,375000,65002,150000,1/30/2025,5/29/2025,1,92
IIIN,Insteel Industries Inc.,stock,Industrials,Metal Fabrication,15001,50000,7,-7.58,2026-07-10,29.27,USD,current,4,1,18004,95000,1001,15000,1/30/2025,4/10/2025,1,108
PODD,Insulet Corporation,stock,Healthcare,Medical Devices,53004,145000,3|4|7|8,-43.26,2026-07-10,161.279999,USD,current,8,3,36008,190000,31003,115000,3/5/2025,12/16/2025,4,26|46|112|147
ITGR,Integer Holdings Corporation,stock,Healthcare,Medical Devices,50001,100000,7,19.44,2026-07-10,93.68,USD,current,16,4,219016,635000,116004,265000,1/30/2025,11/24/2025,1,113
IART,Integra LifeSciences Holdings Corporation,stock,Healthcare,Medical Devices,15001,50000,7,51.29,2026-07-10,18.790001,USD,current,6,3,34006,160000,31003,115000,1/30/2025,12/26/2025,1,99
INTC,Intel Corporation,stock,Technology,Semiconductors,697008,1530000,1|2|3|4|6|7|8,197.67,2026-07-10,109.839996,USD,current,32,6,554032,1535000,34006,160000,1/6/2025,11/18/2025,8,12|19|26|46|71|105|147
IDCC,"InterDigital, Inc.",stock,Technology,Software—Application,100001,250000,7,-16.8,2026-07-10,264.880005,USD,current,10,2,66010,290000,2002,30000,1/30/2025,6/30/2025,1,95
IBKR,"Interactive Brokers Group, Inc. - Class A Common Stock",stock,Financial Services,Capital Markets,18004,95000,1|3|7|8,46.31,2026-07-10,94.089996,USD,current,6,3,133006,395000,102003,280000,1/29/2025,12/4/2025,4,12|27|86|117
ICE,"Intercontinental Exchange, Inc.",stock,Financial Services,Financial Data & Stock Exchanges,203006,495000,1|3|6|7|8,-16.49,2026-07-10,135.259995,USD,current,23,10,772023,1930000,385010,875000,2/24/2025,12/17/2025,6,12|27|75|89|129|130
TILE,"Interface, Inc.",stock,Consumer Cyclical,"Furnishings, Fixtures & Appliances",15001,50000,7,19.13,2026-07-10,33.259998,USD,current,7,3,35007,175000,17003,80000,1/30/2025,6/30/2025,1,97
IBM,International Business Machines Corporation Common Stock,stock,Technology,Information Technology Services,2195010,7450000,1|2|3|4|6|7|8,-2.92,2026-07-10,287.559998,USD,current,35,7,1181035,2940000,49007,210000,1/29/2025,11/5/2025,10,12|19|27|39|42|77|95|135
IFF,International Flavors & Fragrances Inc.,stock,Basic Materials,Specialty Chemicals,116003,315000,1|6|8,15.05,2026-07-10,77.529999,USD,current,3,2,130003,350000,16002,65000,4/4/2025,10/29/2025,3,12|73|119
IP,International Paper Company Common Stock,stock,Consumer Cyclical,Packaging & Containers,18004,95000,2|4|7|8,-3.71,2026-07-10,37.93,USD,current,16,10,157016,580000,151010,490000,2/5/2025,12/23/2025,4,19|46|91|124
INSW,"International Seaways, Inc. Common Stock ",stock,Energy,Oil & Gas Midstream,15001,50000,7,82.25,2026-07-10,88.480003,USD,current,6,4,34006,160000,18004,95000,1/30/2025,10/23/2025,1,110
IPAR,"Interparfums, Inc.",stock,Consumer Defensive,Household & Personal Products,50001,100000,7,40.61,2026-07-10,119.279999,USD,current,9,4,135009,375000,46004,165000,1/30/2025,12/26/2025,1,106
INTU,Intuit Inc.,stock,Technology,Software—Application,881007,1815000,2|3|4|6|7|8,-58.49,2026-07-10,274.959991,USD,current,41,11,1776041,4065000,699011,1510000,1/29/2025,12/23/2025,7,19|27|46|74|110|128|129
ISRG,"Intuitive Surgical, Inc.",stock,Healthcare,Medical Instruments & Supplies,932008,1980000,1|2|3|4|6|7|8,-28.18,2026-07-10,406.779999,USD,current,38,9,1171038,3015000,306009,840000,1/29/2025,12/17/2025,8,12|19|27|46|71|99|147
IVZ,Invesco Ltd.,stock,Financial Services,Asset Management,51002,115000,7|8,10.32,2026-07-10,28.98,USD,current,4,3,32004,130000,17003,80000,3/10/2025,11/18/2025,2,91|129
INVH,Invitation Homes Inc.,stock,Real Estate,REIT—Residential,166004,415000,1|6|7|8,6.51,2026-07-10,29.6,USD,current,12,5,371012,940000,104005,310000,1/29/2025,12/17/2025,4,12|71|105|128
IONS,"Ionis Pharmaceuticals, Inc.",stock,Healthcare,Biotechnology,50001,100000,7,-26.37,2026-07-10,58.25,USD,current,1,0,15001,50000,0,0,4/4/2025,4/4/2025,1,89
IRDM,Iridium Communications Inc.,stock,Communication Services,Telecom Services,15001,50000,7,188.03,2026-07-10,50.060001,USD,current,1,3,15001,50000,3003,45000,4/4/2025,12/26/2025,1,83
IRM,Iron Mountain Incorporated (Delaware)Common Stock REIT,stock,Real Estate,REIT—Specialty,1001,15000,2,46.49,2026-07-10,121.510002,USD,current,6,2,48006,195000,51002,115000,5/15/2025,11/18/2025,1,19
ITRI,"Itron, Inc. - Common Stock",stock,Technology,Scientific & Technical Instruments,50001,100000,7,-8.36,2026-07-10,85.099998,USD,current,10,2,94010,360000,65002,150000,1/30/2025,12/26/2025,1,87
JJSF,J&J Snack Foods Corp.,stock,Consumer Defensive,Packaged Foods,15001,50000,7,-15.36,2026-07-10,76.489998,USD,current,10,7,87010,305000,77007,280000,1/30/2025,12/26/2025,1,112
JBHT,"J.B. Hunt Transport Services, Inc.",stock,Industrials,Integrated Freight & Logistics,1001,15000,1,44.06,2026-07-10,279.959991,USD,current,1,1,1001,15000,1001,15000,10/29/2025,11/18/2025,1,13
JBGS,JBG SMITH Properties Common Shares ,stock,Real Estate,REIT—Diversified,15001,50000,7,-14.52,2026-07-10,14.54,USD,current,4,1,18004,95000,15001,50000,1/30/2025,4/28/2025,1,107
JBTM,JBT Marel Corporation,stock,Industrials,Specialty Industrial Machinery,100001,250000,7,-9.41,2026-07-10,136.490005,USD,current,10,4,115010,375000,81004,215000,1/30/2025,12/26/2025,1,90
JPM,JPMorgan Chase & Co.,stock,Financial Services,Banks—Diversified,4800010,21700000,1|2|3|5|6|7|8,4.42,2026-07-10,336.470001,USD,current,56,6,5345056,14950000,317006,830000,1/29/2025,12/9/2025,10,13|19|27|51|59|77|91|102|136
JBL,Jabil Inc.,stock,Technology,Electronic Components,16002,65000,1|8,44.85,2026-07-10,330.290009,USD,current,5,3,33005,145000,3003,45000,1/29/2025,12/17/2025,2,13|115
JKHY,"Jack Henry & Associates, Inc. - Common Stock",stock,Technology,Information Technology Services,116003,315000,1|7|8,-17.62,2026-07-10,150.320007,USD,current,9,4,135009,375000,117004,330000,2/24/2025,12/17/2025,3,12|109|119
JACK,Jack in the Box Inc,stock,Consumer Cyclical,Restaurants,1001,15000,7,-21.42,2026-07-10,14.89,USD,current,5,5,19005,110000,5005,75000,1/30/2025,11/24/2025,1,106
JXN,Jackson Financial Inc.,stock,Financial Services,Insurance—Life,100001,250000,7,9.48,2026-07-10,116.760002,USD,current,10,5,94010,360000,47005,180000,1/30/2025,11/24/2025,1,90
J,Jacobs Solutions Inc. Common Stock,stock,Industrials,Engineering & Construction,17003,80000,1|2|7,-5.01,2026-07-10,125.830002,USD,current,6,3,133006,395000,52003,130000,9/15/2025,12/18/2025,3,13|19|101
JHG,Janus Henderson Group plc Ordinary Shares,stock,Financial Services,Asset Management,1001,15000,8,9.21,2026-07-02,51.950001,USD,stale_or_delisted,2,1,16002,65000,15001,50000,3/10/2025,4/11/2025,1,126
JEF,Jefferies Financial Group Inc.,stock,Financial Services,Capital Markets,2002,30000,7|8,-15.94,2026-07-10,52.09,USD,current,2,1,16002,65000,15001,50000,2/26/2025,4/4/2025,2,102|131
JBLU,JetBlue Airways Corporation - Common Stock,stock,Industrials,Airlines,15001,50000,7,26.59,2026-07-10,5.76,USD,current,0,0,0,0,0,0,,,1,82
JBSS,"John B. Sanfilippo & Son, Inc.",stock,Consumer Defensive,Packaged Foods,50001,100000,7,23.47,2026-07-10,87.169998,USD,current,5,3,47005,180000,3003,45000,2/3/2025,10/23/2025,1,86
JNJ,Johnson & Johnson,stock,Healthcare,Drug Manufacturers—General,3330010,12850000,1|2|3|5|6|7|8,24.17,2026-07-10,256.980011,USD,current,51,6,2002051,4905000,118006,295000,1/23/2025,12/17/2025,10,13|19|27|51|77|101|107|136
JCI,Johnson Controls International plc,stock,Industrials,Building Products & Equipment,633008,1395000,1|2|3|5|6|7|8,19.26,2026-07-10,142.809998,USD,current,17,4,490017,1225000,32004,130000,1/29/2025,11/18/2025,8,8|19|27|51|74|95|128|130
JLL,Jones Lang LaSalle Incorporated,stock,Real Estate,Real Estate Services,1001,15000,8,-3.58,2026-07-10,324.440002,USD,current,4,2,46004,165000,30002,100000,1/29/2025,10/16/2025,1,147
KKR,KKR & Co. Inc. Common Stock,stock,Financial Services,Asset Management,404007,910000,1|2|3|6|7|8,-23.96,2026-07-10,96.940002,USD,current,28,10,891028,2140000,364010,860000,1/29/2025,12/17/2025,7,13|19|27|72|102|121|125
KREF,KKR Real Estate Finance Trust Inc.,stock,Real Estate,REIT—Mortgage,1001,15000,7,-10.46,2026-07-10,7.36,USD,current,6,4,83006,245000,18004,95000,1/30/2025,12/26/2025,1,81
KLAC,KLA Corporation,stock,Technology,Semiconductor Equipment & Materials,781007,1715000,1|3|5|6|7|8,90.54,2026-07-10,231.520004,USD,current,31,6,581031,1590000,48006,195000,1/29/2025,12/17/2025,7,13|27|57|74|93|128|130
KAI,Kadant Inc.,stock,Industrials,Specialty Industrial Machinery,50001,100000,7,3.37,2026-07-10,294.630005,USD,current,5,3,145005,350000,101003,215000,2/24/2025,11/28/2025,1,86
KALU,Kaiser Aluminum Corporation,stock,Basic Materials,Aluminum,50001,100000,7,39.2,2026-07-10,159.889999,USD,current,6,1,6006,90000,15001,50000,1/30/2025,5/29/2025,1,96
KMT,Kennametal Inc.,stock,Industrials,Tools & Accessories,15001,50000,7,18.27,2026-07-10,33.599998,USD,current,6,3,34006,160000,31003,115000,1/30/2025,10/23/2025,1,106
KW,"Kennedy-Wilson Holdings, Inc. Common Stock",stock,Real Estate,Real Estate Services,15001,50000,7,-0.09,2026-06-15,10.92,USD,stale_or_delisted,4,2,32004,130000,30002,100000,1/30/2025,5/29/2025,1,93
KVUE,Kenvue Inc.,stock,Consumer Defensive,Household & Personal Products,154006,410000,3|5|6|7|8,12.93,2026-07-10,19.48,USD,current,29,12,395029,1250000,301012,840000,1/29/2025,12/23/2025,6,27|57|74|91|132
KDP,Keurig Dr Pepper Inc.,stock,Consumer Defensive,Beverages—Non-Alcoholic,70007,225000,1|3|5|7|8,13.07,2026-07-10,31.67,USD,current,31,11,270031,975000,222011,605000,1/29/2025,12/23/2025,7,13|27|63|89|124|126
KEY,KeyCorp,stock,Financial Services,Banks—Regional,117004,330000,1|7|8,12.89,2026-07-10,23.299999,USD,current,10,1,200010,575000,15001,50000,4/4/2025,12/17/2025,4,13|102|127|135
KEYS,"Keysight Technologies, Inc.",stock,Technology,Scientific & Technical Instruments,153005,395000,1|3|6|8,58.5,2026-07-10,322.049988,USD,current,8,3,170008,475000,17003,80000,1/29/2025,12/12/2025,5,13|27|71|147|148
KRC,Kilroy Realty Corporation,stock,Real Estate,REIT—Office,1001,15000,8,2.76,2026-07-10,38.400002,USD,current,0,0,0,0,0,0,,,1,130
KMB,Kimberly-Clark Corporation,stock,Consumer Defensive,Household & Personal Products,33005,145000,2|3|7|8,11.42,2026-07-10,112.410004,USD,current,28,12,850028,2175000,727012,1780000,4/17/2025,12/23/2025,5,19|27|95|127|130
KIM,Kimco Realty Corporation (HC) Common Stock,stock,Real Estate,REIT—Retail,2002,30000,8,22.74,2026-07-10,24.879999,USD,current,5,3,19005,110000,17003,80000,1/29/2025,12/18/2025,2,130|131
KMI,"Kinder Morgan, Inc. Common Stock",stock,Energy,Oil & Gas Midstream,1169008,5460000,2|3|5|6|7|8,16.84,2026-07-10,32.119999,USD,current,25,9,243025,870000,100009,325000,1/29/2025,12/23/2025,8,19|27|57|75|104|111|129|134
KNTK,Kinetik Holdings Inc.,stock,Energy,Oil & Gas Midstream,15001,50000,7,34.04,2026-07-10,48.32,USD,current,3,2,80003,200000,65002,150000,9/2/2025,12/26/2025,1,98
KNSL,"Kinsale Capital Group, Inc.",stock,Financial Services,Insurance—Property & Casualty,15001,50000,7,-12.92,2026-07-10,340.570007,USD,current,2,2,51002,115000,16002,65000,9/15/2025,12/11/2025,1,107
KNX,Knight-Swift Transportation Holdings Inc.,stock,Industrials,Trucking,1001,15000,8,43.82,2026-07-10,75.190002,USD,current,0,0,0,0,0,0,,,1,121
KN,Knowles Corporation,stock,Technology,Electronic Components,15001,50000,7,72.89,2026-07-10,37.049999,USD,current,6,2,48006,195000,65002,150000,1/30/2025,5/29/2025,1,85
KGS,"Kodiak Gas Services, Inc.",stock,Energy,Oil & Gas Equipment & Services,50001,100000,7,81.39,2026-07-10,67.839996,USD,current,3,2,45003,150000,16002,65000,9/2/2025,12/26/2025,1,94
KSS,Kohl's Corporation,stock,Consumer Cyclical,Department Stores,50001,100000,7,-17.69,2026-07-10,16.799999,USD,current,6,2,34006,160000,30002,100000,1/30/2025,5/29/2025,1,95
KTB,"Kontoor Brands, Inc.",stock,Consumer Cyclical,Apparel Manufacturing,50001,100000,7,40.22,2026-07-10,85.660004,USD,current,12,6,159012,510000,83006,245000,1/30/2025,12/26/2025,1,88
KOP,Koppers Holdings Inc.,stock,Basic Materials,Specialty Chemicals,15001,50000,7,75.63,2026-07-10,47.560001,USD,current,3,1,17003,80000,1001,15000,1/30/2025,4/28/2025,1,111
KFY,Korn Ferry,stock,Industrials,Staffing & Employment Services,50001,100000,7,10.78,2026-07-10,73.139999,USD,current,8,4,99008,310000,46004,165000,1/30/2025,11/24/2025,1,86
KR,Kroger Company (The) Common Stock,stock,Consumer Defensive,Grocery Stores,183007,495000,1|2|3|6|7|8,-3.1,2026-07-10,60.540001,USD,current,19,2,364019,1085000,251002,515000,1/29/2025,12/17/2025,7,13|21|27|74|86|126|128
KRYS,"Krystal Biotech, Inc.",stock,Healthcare,Biotechnology,100001,250000,7,48.38,2026-07-10,365.809998,USD,current,9,5,86009,290000,19005,110000,1/30/2025,10/23/2025,1,93
KLIC,"Kulicke and Soffa Industries, Inc.",stock,Technology,Semiconductor Equipment & Materials,100001,250000,7,148.92,2026-07-10,113.410004,USD,current,9,2,86009,290000,30002,100000,1/30/2025,7/31/2025,1,90
KRUS,"Kura Sushi USA, Inc.",stock,Consumer Cyclical,Restaurants,500001,1000000,5,-1.3,2026-07-10,51.650002,USD,current,11,3,2365011,4900000,365003,800000,10/21/2025,12/31/2025,1,59
LHX,"L3Harris Technologies, Inc.",stock,Industrials,Aerospace & Defense,183007,495000,1|2|3|6|7|8,-0.95,2026-07-10,290.769989,USD,current,15,2,240015,775000,16002,65000,1/29/2025,11/18/2025,7,13|19|27|74|88|127|129
LCII,LCI Industries,stock,Consumer Cyclical,Recreational Vehicles,15001,50000,7,-16.71,2026-07-10,101.07,USD,current,10,2,38010,220000,65002,150000,1/30/2025,12/22/2025,1,114
LGIH,"LGI Homes, Inc.",stock,Consumer Cyclical,Residential Construction,1001,15000,7,38.24,2026-07-10,59.389999,USD,current,8,3,85008,275000,115003,250000,1/30/2025,12/22/2025,1,81
LKQ,LKQ Corporation,stock,Consumer Cyclical,Auto Parts,101002,265000,1|7,-15.96,2026-07-10,25.379999,USD,current,3,4,116003,315000,32004,130000,2/26/2025,12/26/2025,2,13|113
LPLA,LPL Financial Holdings Inc.,stock,Financial Services,Capital Markets,52003,130000,7|8,-11.24,2026-07-10,317.029999,USD,current,4,2,81004,215000,16002,65000,1/29/2025,10/9/2025,3,94|116|118
LTC,"LTC Properties, Inc.",stock,Real Estate,REIT—Healthcare Facilities,15001,50000,7,13.03,2026-07-10,38.860001,USD,current,11,6,81011,340000,34006,160000,1/30/2025,12/26/2025,1,112
LXP,LXP Industrial Trust Common Stock (Maryland REIT),stock,Real Estate,REIT—Industrial,15001,50000,7,11.03,2026-07-10,55.049999,USD,current,8,2,99008,310000,65002,150000,1/30/2025,7/31/2025,1,111
LZB,La-Z-Boy Incorporated,stock,Consumer Cyclical,"Furnishings, Fixtures & Appliances",15001,50000,7,5.12,2026-07-10,39.18,USD,current,9,4,65009,275000,60004,200000,1/30/2025,12/22/2025,1,92
LH,Labcorp Holdings Inc.,stock,Healthcare,Diagnostics & Research,151003,365000,6|7|8,10.34,2026-07-10,276.809998,USD,current,10,5,164010,460000,5005,75000,1/29/2025,12/18/2025,3,73|87|119
LKFN,Lakeland Financial Corporation,stock,Financial Services,Banks—Regional,15001,50000,7,5.85,2026-07-10,60.400002,USD,current,5,1,19005,110000,15001,50000,1/30/2025,4/28/2025,1,105
LRCX,Lam Research Corporation,stock,Technology,Semiconductor Equipment & Materials,1545008,6250000,1|2|3|5|6|7|8,104.66,2026-07-10,350.329987,USD,current,35,4,712035,1955000,46004,165000,1/29/2025,12/17/2025,8,13|19|27|64|74|99|129|131
LAMR,Lamar Advertising Company - Class A Common Stock,stock,Real Estate,REIT—Specialty,16002,65000,7|8,22.59,2026-07-10,155.179993,USD,current,1,0,1001,15000,0,0,4/3/2025,4/3/2025,2,114|132
LVS,Las Vegas Sands Corp.,stock,Consumer Cyclical,Resorts & Casinos,118005,345000,1|6|7|8,-28.27,2026-07-10,46.689999,USD,current,8,2,170008,475000,2002,30000,3/5/2025,12/17/2025,5,13|73|100|121|130
LSCC,Lattice Semiconductor Corporation,stock,Technology,Semiconductors,51002,115000,7|8,86.79,2026-07-10,137.440002,USD,current,3,1,17003,80000,1001,15000,4/4/2025,6/5/2025,2,87|148
LAZ,"Lazard, Inc.",stock,Financial Services,Capital Markets,1001,15000,8,-14.72,2026-07-10,41.41,USD,current,2,1,16002,65000,15001,50000,3/10/2025,4/11/2025,1,127
LMAT,"LeMaitre Vascular, Inc.",stock,Healthcare,Medical Instruments & Supplies,50001,100000,7,26.68,2026-07-10,102.739998,USD,current,7,5,84007,260000,61005,215000,1/30/2025,12/26/2025,1,103
LEA,Lear Corporation,stock,Consumer Cyclical,Auto Parts,1001,15000,8,18.8,2026-07-10,136.139999,USD,current,1,0,1001,15000,0,0,4/3/2025,4/3/2025,1,129
LEG,"Leggett & Platt, Incorporated",stock,Consumer Cyclical,"Furnishings, Fixtures & Appliances",50001,100000,7,-0.55,2026-07-10,10.94,USD,current,6,1,34006,160000,15001,50000,1/30/2025,4/28/2025,1,86
LDOS,"Leidos Holdings, Inc.",stock,Technology,Information Technology Services,32004,130000,1|7|8,-40.68,2026-07-10,107.019997,USD,current,5,1,54005,160000,15001,50000,3/5/2025,12/17/2025,4,13|83|119|120
LEN.B,Lennar Corporation,stock,Consumer Cyclical,Residential Construction,1001,15000,8,-13.21,2026-07-10,82.550003,USD,current,0,0,0,0,0,0,,,1,124
LEN,Lennar Corporation Class A Common Stock,stock,Consumer Cyclical,Residential Construction,353005,795000,2|3|6|7|8,-18.03,2026-07-10,84.269997,USD,current,20,7,436020,1265000,49007,210000,2/24/2025,11/18/2025,5,19|27|74|90|125
LII,Lennox International Inc.,stock,Industrials,Building Products & Equipment,101002,265000,6|7,13.68,2026-07-10,552.030029,USD,current,4,3,117004,330000,17003,80000,4/4/2025,11/10/2025,2,71|82
LBRDK,Liberty Broadband Corporation - Class C Common Stock,stock,Communication Services,Telecom Services,2002,30000,7|8,-36.81,2026-07-10,30.709999,USD,current,0,0,0,0,0,0,,,2,101|148
LBRT,Liberty Energy Inc.,stock,Energy,Oil & Gas Equipment & Services,100001,250000,7,32.67,2026-07-10,24.49,USD,current,8,5,99008,310000,33005,145000,1/30/2025,10/16/2025,1,99
FWONK,Liberty Media Corporation - Series C Liberty Formula One Common Stock,stock,Communication Services,Entertainment,1001,15000,5,-2.42,2026-07-10,96.129997,USD,current,5,1,5005,75000,1001,15000,6/13/2025,12/23/2025,1,64
LMC-C-UNSPEC,Liberty Media Corporation Series C (tracking group unspecified),stock,Communication Services,Entertainment,16002,65000,7|8,,,,,unavailable,0,0,0,0,0,0,,,2,105|148
LGND,Ligand Pharmaceuticals Incorporated,stock,Healthcare,Biotechnology,50001,100000,7,67.26,2026-07-10,316.23999,USD,current,7,1,7007,105000,15001,50000,1/30/2025,5/29/2025,1,113
LECO,"Lincoln Electric Holdings, Inc.",stock,Industrials,Tools & Accessories,1001,15000,8,4.73,2026-07-10,250.970001,USD,current,3,2,17003,80000,16002,65000,1/29/2025,4/4/2025,1,119
LNC,Lincoln National Corporation Common Stock,stock,Financial Services,Insurance—Life,101002,265000,7|8,-10.78,2026-07-10,39.73,USD,current,11,2,102011,355000,51002,115000,1/30/2025,6/30/2025,2,103|130
LIN,Linde plc,stock,Basic Materials,Specialty Chemicals,582008,1380000,1|2|3|6|7|8,24.25,2026-07-10,529.789978,USD,current,31,16,713031,1945000,404016,1135000,1/29/2025,12/18/2025,8,8|19|27|73|93|114|133|134
LFUS,"Littelfuse, Inc.",stock,Technology,Electronic Components,51002,115000,7|8,64.15,2026-07-10,415.160004,USD,current,2,0,16002,65000,0,0,4/4/2025,4/11/2025,2,87|120
LYV,"Live Nation Entertainment, Inc.",stock,Communication Services,Entertainment,67004,180000,1|3|7|8,26.17,2026-07-10,179.789993,USD,current,11,3,180011,575000,102003,280000,3/10/2025,12/17/2025,4,13|27|96|148
RAMP,"LiveRamp Holdings, Inc.",stock,Technology,Software—Infrastructure,15001,50000,7,28.98,2026-07-10,37.880001,USD,current,8,3,64008,260000,66003,165000,1/30/2025,12/22/2025,1,91
LMT,Lockheed Martin Corporation,stock,Industrials,Aerospace & Defense,1332008,5880000,1|3|5|7|8,8.18,2026-07-10,523.219971,USD,current,30,6,538030,1470000,382006,880000,1/29/2025,12/23/2025,8,13|27|52|57|99|104|133|134
L,Loews Corporation,stock,Financial Services,Insurance—Property & Casualty,100002,200000,1|7,9.19,2026-07-10,114.989998,USD,current,5,1,33005,145000,1001,15000,4/11/2025,12/17/2025,2,13|92
LPX,Louisiana-Pacific Corporation,stock,Industrials,Building Products & Equipment,1001,15000,8,-9.41,2026-07-10,73.160004,USD,current,3,2,17003,80000,2002,30000,4/4/2025,11/10/2025,1,117
LOW,"Lowe's Companies, Inc. Common Stock",stock,Consumer Cyclical,Home Improvement Retail,668007,1445000,1|2|3|6|7|8,-12.24,2026-07-10,211.630005,USD,current,32,11,1028032,2695000,265011,775000,1/29/2025,12/18/2025,7,13|19|27|76|90|131|134
LUMN,"Lumen Technologies, Inc.",stock,Communication Services,Telecom Services,100001,250000,7,-13.38,2026-07-10,6.73,USD,current,7,4,70007,225000,18004,95000,1/30/2025,9/2/2025,1,99
LYB,LyondellBasell Industries NV Ordinary Shares Class A (Netherlands),stock,Basic Materials,Specialty Chemicals,50001,100000,7,30.14,2026-07-10,56.349998,USD,current,0,0,0,0,0,0,,,1,93
MTB,M&T Bank Corporation Common Stock,stock,Financial Services,Banks—Regional,67004,180000,1|3|5|8,20.28,2026-07-10,242.339996,USD,current,19,6,406019,1115000,133006,395000,1/29/2025,12/17/2025,4,13|27|57|135
MHO,"M/I Homes, Inc.",stock,Consumer Cyclical,Residential Construction,50001,100000,7,15.14,2026-07-10,147.320007,USD,current,9,2,128009,395000,65002,150000,1/30/2025,5/29/2025,1,88
MTSI,"MACOM Technology Solutions Holdings, Inc.",stock,Technology,Semiconductors,1001,15000,8,80.13,2026-07-10,308.519989,USD,current,2,1,16002,65000,15001,50000,3/10/2025,4/11/2025,1,148
MARA,"MARA Holdings, Inc.",stock,Financial Services,Capital Markets,50001,100000,7,40.31,2026-07-10,12.6,USD,current,10,4,115010,375000,67004,180000,1/30/2025,12/26/2025,1,87
MDU,"MDU Resources Group, Inc.",stock,Utilities,Utilities—Regulated Gas,51002,115000,7,7.48,2026-07-10,20.98,USD,current,8,3,50008,225000,31003,115000,1/30/2025,12/22/2025,2,81|101
MGEE,"MGE Energy, Inc.",stock,Utilities,Utilities—Regulated Electric,15001,50000,7,4.27,2026-07-10,81.769997,USD,current,10,5,52010,255000,82005,230000,1/30/2025,11/28/2025,1,84
MTG,MGIC Investment Corporation Common Stock,stock,Financial Services,Insurance—Specialty,1001,15000,8,-3.7,2026-07-10,28.139999,USD,current,1,1,15001,50000,15001,50000,8/27/2025,11/10/2025,1,122
MGM,MGM Resorts International,stock,Consumer Cyclical,Resorts & Casinos,116003,315000,1|6|8,28.47,2026-07-10,46.880001,USD,current,6,4,147006,430000,18004,95000,1/29/2025,11/18/2025,3,13|71|149
MGPI,"MGP Ingredients, Inc.",stock,Consumer Defensive,Beverages—Wineries & Distilleries,15001,50000,7,-29.79,2026-07-10,17.059999,USD,current,6,3,48006,195000,17003,80000,1/30/2025,11/24/2025,1,98
MKSI,MKS Inc.,stock,Technology,Scientific & Technical Instruments,2002,30000,8,130.65,2026-07-10,368.579987,USD,current,0,0,0,0,0,0,,,2,123
MSA,MSA Safety Incorporated,stock,Industrials,Security & Protection Services,15001,50000,7,6.54,2026-07-10,170.610001,USD,current,2,2,16002,65000,2002,30000,3/5/2025,12/11/2025,1,107
MSCI,MSCI Inc.,stock,Financial Services,Financial Data & Stock Exchanges,68005,195000,1|3|7|8,5.4,2026-07-10,604.710022,USD,current,14,7,232014,705000,197007,530000,1/29/2025,12/11/2025,5,14|28|111|125
MWA,MUELLER WATER PRODUCTS Common Stock,stock,Industrials,Specialty Industrial Machinery,15001,50000,7,4.62,2026-07-10,24.92,USD,current,7,4,91007,315000,46004,165000,3/24/2025,12/26/2025,1,111
MYRG,MYR Group Inc.,stock,Industrials,Engineering & Construction,50001,100000,7,91.92,2026-07-10,419.339996,USD,current,6,2,20006,125000,16002,65000,1/30/2025,5/29/2025,1,88
MAC,Macerich Company (The) Common Stock,stock,Real Estate,REIT—Retail,50001,100000,7,33.75,2026-07-10,24.690001,USD,current,9,4,100009,325000,95004,250000,1/30/2025,10/16/2025,1,89
MSGS,Madison Square Garden Sports Corp. Class A Common Stock (New),stock,Communication Services,Entertainment,100001,250000,7,47.65,2026-07-10,381.899994,USD,current,0,0,0,0,0,0,,,1,113
MGY,Magnolia Oil & Gas Corporation,stock,Energy,Oil & Gas E&P,50001,100000,7,17.82,2026-07-10,25.790001,USD,current,11,3,81011,340000,45003,150000,1/30/2025,11/24/2025,1,110
MANH,"Manhattan Associates, Inc. - Common Stock",stock,Technology,Software—Application,17003,80000,7|8,-10.62,2026-07-10,154.899994,USD,current,5,4,19005,110000,4004,60000,3/3/2025,12/11/2025,3,82|148
MAN,ManpowerGroup Common Stock,stock,Industrials,Staffing & Employment Services,50001,100000,7,30.21,2026-07-10,38.709999,USD,current,2,2,100002,200000,51002,115000,9/22/2025,12/26/2025,1,88
CART,Maplebear Inc.,stock,Consumer Cyclical,Internet Retail,15001,50000,7,7.58,2026-07-10,48.389999,USD,current,1,2,15001,50000,16002,65000,4/4/2025,11/10/2025,1,113
MPC,Marathon Petroleum Corporation,stock,Energy,Oil & Gas Refining & Marketing,353006,745000,1|3|6|7|8,74.47,2026-07-10,283.73999,USD,current,20,5,280020,900000,19005,110000,1/29/2025,12/17/2025,6,13|27|75|114|122|129
HZO,"MarineMax, Inc.",stock,Consumer Cyclical,Specialty Retail,15001,50000,7,41.81,2026-07-10,34.360001,USD,current,5,2,33005,145000,16002,65000,1/30/2025,5/29/2025,1,112
MKL,Markel Group Inc.,stock,Financial Services,Insurance—Property & Casualty,52003,130000,7|8,-9.3,2026-07-10,1949.75,USD,current,3,1,31003,115000,1001,15000,2/3/2025,8/7/2025,3,87|149
MKTX,MarketAxess Holdings Inc.,stock,Financial Services,Capital Markets,100001,250000,7,-37.18,2026-07-10,113.860001,USD,current,3,2,165003,400000,101002,265000,8/7/2025,12/26/2025,1,89
MAR,"Marriott International, Inc.",stock,Consumer Cyclical,Lodging,418007,945000,1|3|5|6|7|8,21.23,2026-07-10,376.109985,USD,current,22,2,423022,1195000,51002,115000,3/5/2025,12/17/2025,7,13|27|64|74|93|123|127
VAC,Marriott Vacations Worldwide Corporation,stock,Consumer Cyclical,Resorts & Casinos,15001,50000,7,70.41,2026-07-10,98.309998,USD,current,1,1,15001,50000,1001,15000,12/22/2025,12/26/2025,1,83
MRSH,"Marsh & McLennan Companies, Inc.",stock,Financial Services,Insurance Brokers,15001,50000,3,-3.89,2026-07-10,178.309998,USD,current,0,0,0,0,0,0,,,1,27
MMC,"Marsh & McLennan Companies, Inc. Common Stock",stock,Financial Services,Insurance Brokers,52003,130000,7|8,-3.89,2026-07-10,178.309998,USD,current,19,11,272019,830000,272011,755000,1/29/2025,12/18/2025,3,89|132
MLM,"Martin Marietta Materials, Inc.",stock,Basic Materials,Building Materials,1253007,5645000,1|3|5|6|7|8,-7.22,2026-07-10,577.719971,USD,current,20,1,1399020,3410000,15001,50000,1/29/2025,12/17/2025,7,13|27|60|72|94|118|121
MRVL,"Marvell Technology, Inc.",stock,Technology,Semiconductors,68005,195000,2|5|7|8,177.49,2026-07-10,235.809998,USD,current,18,7,88018,445000,35007,175000,1/6/2025,12/11/2025,5,19|64|89|118|119
MTZ,"MasTec, Inc.",stock,Industrials,Engineering & Construction,1050002,5100000,5|7,71.55,2026-07-10,372.890015,USD,current,12,0,1080012,2550000,0,0,3/10/2025,12/4/2025,2,64|106
MAS,Masco Corporation,stock,Industrials,Building Products & Equipment,100001,250000,6,22.66,2026-07-10,77.839996,USD,current,8,7,248008,695000,148007,445000,1/29/2025,12/4/2025,1,70
MASI,Masimo Corporation Common Stock,stock,Healthcare,Medical Devices,15001,50000,7,0,2026-06-12,179.949997,USD,stale_or_delisted,1,1,15001,50000,1001,15000,4/4/2025,8/7/2025,1,82
MA,Mastercard Incorporated,stock,Financial Services,Credit Services,1880007,6800000,1|2|3|6|7|8,-7.73,2026-07-10,526.73999,USD,current,42,15,2956042,9540000,587015,1355000,1/29/2025,12/18/2025,7,13|19|27|76|98|132|133
MTRN,Materion Corporation,stock,Basic Materials,Other Industrial Metals & Mining,50001,100000,7,107.26,2026-07-10,257.660004,USD,current,6,2,34006,160000,16002,65000,1/30/2025,6/30/2025,1,109
MATX,"Matson, Inc.",stock,Industrials,Marine Shipping,15001,50000,7,65.74,2026-07-10,204.770004,USD,current,14,3,70014,350000,80003,200000,1/30/2025,12/22/2025,1,84
MATW,Matthews International Corporation,stock,Industrials,Conglomerates,15001,50000,7,2.07,2026-07-10,26.66,USD,current,6,2,48006,195000,16002,65000,1/30/2025,11/28/2025,1,107
MXL,"MaxLinear, Inc.",stock,Technology,Semiconductors,15001,50000,7,423.81,2026-07-10,91.300003,USD,current,5,2,33005,145000,2002,30000,1/30/2025,5/29/2025,1,84
MKC,"McCormick & Company, Incorporated Common Stock",stock,Consumer Defensive,Packaged Foods,18004,95000,1|7|8,-22.99,2026-07-10,52.450001,USD,current,5,1,5005,75000,1001,15000,10/9/2025,12/17/2025,4,13|95|118|123
MCD,McDonald's Corporation,stock,Consumer Cyclical,Restaurants,1996009,7165000,1|2|3|5|6|7|8,-10.15,2026-07-10,274.600006,USD,current,33,10,1214033,2960000,222010,655000,1/29/2025,12/17/2025,9,13|19|27|52|76|99|100|135
MCK,McKesson Corporation,stock,Healthcare,Medical Distribution,667006,1430000,1|3|6|7|8,-1.75,2026-07-10,805.960022,USD,current,23,5,360023,1100000,5005,75000,1/29/2025,12/17/2025,6,13|27|73|90|119|121
MPT,"Medical Properties Trust, Inc.",stock,Real Estate,REIT—Healthcare Facilities,52003,130000,7|8,-9.8,2026-07-10,4.51,USD,current,9,3,37009,205000,31003,115000,1/30/2025,10/23/2025,3,81|98|133
MEDP,"Medpace Holdings, Inc.",stock,Healthcare,Diagnostics & Research,51002,115000,7|8,-4.17,2026-07-10,538.22998,USD,current,2,1,16002,65000,1001,15000,4/4/2025,5/12/2025,2,93|149
MDT,Medtronic plc,stock,Healthcare,Medical Devices,532008,1230000,2|3|5|6|7|8,-12.69,2026-07-10,83.870003,USD,current,31,7,578031,1595000,247007,680000,1/29/2025,12/8/2025,8,19|27|57|60|76|105|134|135
MRK,"Merck & Company, Inc. Common Stock (new)",stock,Healthcare,Drug Manufacturers—General,2680010,11550000,1|2|3|5|6|7|8,17.37,2026-07-10,123.540001,USD,current,40,11,1261040,3290000,236011,640000,1/6/2025,12/17/2025,10,13|19|27|47|52|77|96|98|136
MCY,Mercury General Corporation Common Stock,stock,Financial Services,Insurance—Property & Casualty,50001,100000,7,16.16,2026-07-10,109.260002,USD,current,5,0,5005,75000,0,0,1/30/2025,4/8/2025,1,88
MRCY,"Mercury Systems, Inc.",stock,Industrials,Aerospace & Defense,50001,100000,7,47.9,2026-07-10,107.980003,USD,current,6,0,6006,90000,0,0,1/30/2025,4/10/2025,1,98
MMSI,"Merit Medical Systems, Inc.",stock,Healthcare,Medical Instruments & Supplies,100001,250000,7,-16.68,2026-07-10,73.440002,USD,current,15,5,282015,805000,216005,515000,1/30/2025,10/23/2025,1,95
MTH,Meritage Homes Corporation,stock,Consumer Cyclical,Residential Construction,100001,250000,7,14.74,2026-07-10,75.5,USD,current,7,2,169007,460000,65002,150000,1/30/2025,5/29/2025,1,106
MLAB,"Mesa Laboratories, Inc.",stock,Technology,Scientific & Technical Instruments,15001,50000,7,21.8,2026-07-10,95.610001,USD,current,6,2,34006,160000,16002,65000,1/30/2025,9/2/2025,1,82
MET,"MetLife, Inc.",stock,Financial Services,Insurance—Life,418007,945000,3|5|6|7|8,16.1,2026-07-10,91.650002,USD,current,31,6,885031,2275000,232006,630000,1/29/2025,11/18/2025,7,27|57|60|76|89|130|132
META,"Meta Platforms, Inc. - Class A Common Stock",stock,Communication Services,Internet Content & Information,7500009,33100000,1|2|3|5|6|7|8,1.38,2026-07-10,669.210022,USD,current,64,14,7437064,22030000,1573014,6420000,1/29/2025,12/26/2025,9,13|19|27|57|77|95|105|135
MTUS,Metallus Inc.,stock,Basic Materials,Steel,15001,50000,7,11.07,2026-07-10,19.059999,USD,current,3,2,3003,45000,2002,30000,1/30/2025,4/28/2025,1,96
MTD,Mettler-Toledo International Inc.,stock,Healthcare,Diagnostics & Research,168006,445000,1|3|6|7|8,-7.03,2026-07-10,1296.170044,USD,current,8,2,135008,425000,16002,65000,3/10/2025,12/17/2025,6,13|27|71|92|149
MCHP,Microchip Technology Incorporated,stock,Technology,Semiconductors,168006,445000,3|5|6|7|8,39.03,2026-07-10,88.589996,USD,current,25,8,265025,950000,135008,425000,1/29/2025,12/23/2025,6,28|57|74|88|128
MU,"Micron Technology, Inc.",stock,Technology,Semiconductors,1830008,6800000,1|2|3|5|6|7|8,243.12,2026-07-10,979.299988,USD,current,37,4,735037,2000000,32004,130000,1/29/2025,12/17/2025,8,13|19|28|64|73|99|121|124
MSFT,Microsoft Corporation,stock,Technology,Software—Infrastructure,9100008,42250000,1|2|5|6|7|8,-20.37,2026-07-10,385.100006,USD,current,71,13,17726071,69615000,1109013,2385000,1/6/2025,12/23/2025,8,14|19|52|64|77|96|136
MAA,"Mid-America Apartment Communities, Inc. Common Stock",stock,Real Estate,REIT—Residential,3003,45000,1|7|8,-2.63,2026-07-10,135.25,USD,current,5,3,54005,160000,31003,115000,4/11/2025,12/17/2025,3,14|81|126
MSEX,Middlesex Water Company,stock,Utilities,Utilities—Regulated Water,1001,15000,7,9.1,2026-07-10,55.009998,USD,current,5,5,68005,195000,33005,145000,1/30/2025,12/26/2025,1,81
MRP,"Millrose Properties, Inc.",stock,Real Estate,REIT—Residential,51002,115000,7,-5.02,2026-07-10,28.370001,USD,current,5,1,33005,145000,1001,15000,2/13/2025,5/29/2025,2,96|103
MTX,Minerals Technologies Inc.,stock,Basic Materials,Specialty Chemicals,15001,50000,7,18.88,2026-07-10,72.459999,USD,current,8,2,64008,260000,51002,115000,1/30/2025,5/29/2025,1,109
MIR,"Mirion Technologies, Inc.",stock,Industrials,Specialty Industrial Machinery,50001,100000,7,-27.41,2026-07-10,17,USD,current,3,3,165003,400000,66003,165000,9/22/2025,12/26/2025,1,103
MCW,"Mister Car Wash, Inc. Common Stock",stock,Consumer Cyclical,Personal Services,15001,50000,7,0,2026-06-08,7.1,USD,stale_or_delisted,6,5,34006,160000,33005,145000,1/30/2025,11/24/2025,1,91
MRNA,"Moderna, Inc.",stock,Healthcare,Biotechnology,51002,115000,1|5,131.5,2026-07-10,68.269997,USD,current,5,3,54005,160000,17003,80000,3/10/2025,12/17/2025,2,14|64
MOD,Modine Manufacturing Company,stock,Consumer Cyclical,Auto Parts,15001,50000,7,84.19,2026-07-10,245.910004,USD,current,1,0,15001,50000,0,0,4/4/2025,4/4/2025,1,85
MC,Moelis & Company,stock,Financial Services,Capital Markets,100001,250000,7,-7.26,2026-07-10,63.75,USD,current,9,3,114009,360000,80003,200000,1/30/2025,10/16/2025,1,105
MHK,"Mohawk Industries, Inc.",stock,Consumer Cyclical,"Furnishings, Fixtures & Appliances",51002,115000,7|8,0.61,2026-07-10,109.970001,USD,current,3,2,66003,165000,16002,65000,5/6/2025,12/22/2025,2,109|149
MOH,"Molina Healthcare, Inc.",stock,Healthcare,Healthcare Plans,1001,15000,8,34.44,2026-07-10,233.309998,USD,current,6,6,62006,230000,62006,230000,1/6/2025,11/18/2025,1,149
TAP,Molson Coors Beverage Company Class B Common Stock,stock,Consumer Defensive,Beverages—Brewers,15001,50000,1,-16.09,2026-07-10,39.169998,USD,current,2,2,16002,65000,2002,30000,7/7/2025,12/17/2025,1,14
MCRI,"Monarch Casino & Resort, Inc.",stock,Consumer Cyclical,Resorts & Casinos,15001,50000,7,29.43,2026-07-10,123.860001,USD,current,5,3,19005,110000,3003,45000,1/30/2025,5/29/2025,1,109
MDLZ,"Mondelez International, Inc.",stock,Consumer Defensive,Confectioners,3003,45000,3|8,9.29,2026-07-10,58.830002,USD,current,38,16,446038,1490000,531016,1440000,1/29/2025,12/23/2025,3,28|132|133
MDB,"MongoDB, Inc.",stock,Technology,Software—Infrastructure,53004,145000,5|7|8,-18.49,2026-07-10,342.079987,USD,current,9,1,37009,205000,1001,15000,1/29/2025,11/14/2025,4,64|93|149
MPWR,"Monolithic Power Systems, Inc.",stock,Technology,Semiconductors,218007,545000,1|3|5|6|7|8,49.25,2026-07-10,1352.73999,USD,current,23,3,241023,840000,17003,80000,1/29/2025,12/23/2025,7,14|28|64|72|94|120|122
MNST,Monster Beverage Corporation,stock,Consumer Defensive,Beverages—Non-Alcoholic,133006,395000,1|3|5|7|8,27.02,2026-07-10,97.389999,USD,current,18,2,95018,425000,2002,30000,1/29/2025,12/17/2025,6,14|28|65|90|149|150
MCO,Moody's Corporation,stock,Financial Services,Financial Data & Stock Exchanges,603006,1245000,1|3|6|7|8,-4.61,2026-07-10,487.279999,USD,current,19,9,583019,1570000,164009,510000,1/29/2025,12/11/2025,6,14|28|74|92|124|125
MOG.A,Moog Inc.,stock,Industrials,Aerospace & Defense,100001,250000,7,67.16,2026-07-10,407.109985,USD,current,8,4,99008,310000,46004,165000,1/30/2025,10/16/2025,1,95
MS,Morgan Stanley,stock,Financial Services,Capital Markets,2745010,11600000,1|2|3|5|6|7|8,25.21,2026-07-10,222.279999,USD,current,37,4,946037,2440000,53004,145000,1/29/2025,11/18/2025,10,14|20|28|47|60|77|105|110|134|135
MSI,"Motorola Solutions, Inc.",stock,Technology,Communication Equipment,67004,180000,3|7|8,10.32,2026-07-10,422.880005,USD,current,23,12,475023,1300000,430012,1075000,1/29/2025,12/18/2025,4,28|104|125|126
MUSA,Murphy USA Inc.,stock,Consumer Cyclical,Specialty Retail,1001,15000,8,46.27,2026-07-10,590.22998,USD,current,3,4,31003,115000,32004,130000,2/3/2025,11/10/2025,1,117
MYGN,"Myriad Genetics, Inc.",stock,Healthcare,Diagnostics & Research,15001,50000,7,-5.2,2026-07-10,5.83,USD,current,5,3,19005,110000,3003,45000,1/30/2025,7/31/2025,1,100
NABL,"N-able, Inc.",stock,Technology,Information Technology Services,1001,15000,7,-43.45,2026-07-10,4.23,USD,current,6,3,6006,90000,17003,80000,1/30/2025,11/24/2025,1,81
NATL,NCR Atleos Corporation,stock,Technology,Software—Application,50001,100000,7,17.9,2026-07-10,44.93,USD,current,7,1,49007,210000,50001,100000,1/30/2025,5/15/2025,1,88
NMIH,"NMI Holdings, Inc.",stock,Financial Services,Insurance—Specialty,50001,100000,7,0.91,2026-07-10,41.16,USD,current,8,3,50008,225000,45003,150000,1/30/2025,10/23/2025,1,99
NNN,"NNN REIT, Inc.",stock,Real Estate,REIT—Retail,15001,50000,7,18.02,2026-07-10,46.77,USD,current,0,0,0,0,0,0,,,1,114
NOV,NOV Inc.,stock,Energy,Oil & Gas Equipment & Services,1001,15000,8,20.86,2026-07-10,18.889999,USD,current,2,1,16002,65000,15001,50000,1/29/2025,4/11/2025,1,126
NRG,"NRG Energy, Inc.",stock,Utilities,Utilities—Independent Power Producers,203006,495000,1|3|6|7|8,-11.82,2026-07-10,140.419998,USD,current,11,1,201011,590000,50001,100000,4/8/2025,12/17/2025,6,14|28|72|89|123|126
NVDA,NVIDIA Corporation,stock,Technology,Semiconductors,12500007,58000000,1|2|5|6|7|8,13.12,2026-07-10,210.960007,USD,current,53,12,16792053,67305000,886012,1890000,1/29/2025,12/23/2025,7,14|20|65|74|104|128
NVR,"NVR, Inc.",stock,Consumer Cyclical,Residential Construction,15001,50000,1,-11.15,2026-07-10,6479.390137,USD,current,4,5,265004,650000,131005,315000,2/6/2025,11/18/2025,1,14
NXPI,NXP Semiconductors N.V.,stock,Technology,Semiconductors,217005,580000,3|5|6|7|8,34.64,2026-07-10,292.26001,USD,current,27,6,365027,1225000,76006,265000,1/29/2025,11/21/2025,5,28|65|73|111|130
NDAQ,"Nasdaq, Inc.",stock,Financial Services,Financial Data & Stock Exchanges,368006,845000,1|3|6|7|8,-9.32,2026-07-10,88.080002,USD,current,15,4,367015,1005000,166004,415000,1/29/2025,12/17/2025,6,14|28|73|92|123|127
NTRA,"Natera, Inc.",stock,Healthcare,Diagnostics & Research,53004,145000,5|7|8,17.84,2026-07-10,269.950012,USD,current,4,0,18004,95000,0,0,3/5/2025,12/16/2025,4,65|99|150
NBHC,National Bank Holdings Corporation Common Stock,stock,Financial Services,Banks—Regional,1001,15000,7,16.63,2026-07-10,44.330002,USD,current,3,2,17003,80000,65002,150000,4/8/2025,10/23/2025,1,105
NFG,National Fuel Gas Company Common Stock,stock,Energy,Oil & Gas Integrated,1001,15000,7,-1.2,2026-07-10,79.099998,USD,current,1,1,1001,15000,1001,15000,3/5/2025,4/11/2025,1,92
NHC,National HealthCare Corporation Common Stock,stock,Healthcare,Medical Care Facilities,50001,100000,7,53.46,2026-07-10,210.380005,USD,current,6,2,20006,125000,16002,65000,1/30/2025,4/28/2025,1,87
NPK,"National Presto Industries, Inc. Common Stock",stock,Industrials,Aerospace & Defense,15001,50000,7,16.79,2026-07-10,124.690002,USD,current,5,1,19005,110000,15001,50000,1/30/2025,5/29/2025,1,82
EYE,"National Vision Holdings, Inc. - Common Stock",stock,Consumer Cyclical,Specialty Retail,50001,100000,7,-24.28,2026-07-10,19.549999,USD,current,5,2,19005,110000,2002,30000,1/30/2025,5/29/2025,1,86
NAVI,Navient Corporation,stock,Financial Services,Credit Services,50001,100000,7,-36.62,2026-07-10,8.24,USD,current,7,2,21007,140000,16002,65000,1/30/2025,11/24/2025,1,100
NBIS,Nebius Group N.V.,stock,Communication Services,Internet Content & Information,1001,15000,5,162.41,2026-07-10,219.649994,USD,current,1,0,1001,15000,0,0,12/16/2025,12/16/2025,1,65
NEO,"NeoGenomics, Inc.",stock,Healthcare,Diagnostics & Research,15001,50000,7,19.98,2026-07-10,14.11,USD,current,7,3,35007,175000,31003,115000,1/30/2025,9/2/2025,1,91
NEOG,Neogen Corporation,stock,Healthcare,Medical Devices,15001,50000,7,37.63,2026-07-10,9.62,USD,current,8,3,64008,260000,45003,150000,3/24/2025,11/28/2025,1,84
NTAP,"NetApp, Inc.",stock,Technology,Software—Infrastructure,119006,360000,1|3|5|6|8,57.69,2026-07-10,168.869995,USD,current,17,6,130017,525000,6006,90000,1/29/2025,12/17/2025,6,14|28|65|70|128
NTCT,"NetScout Systems, Inc.",stock,Technology,Software—Infrastructure,50001,100000,7,61.42,2026-07-10,43.68,USD,current,9,2,65009,275000,30002,100000,1/30/2025,7/31/2025,1,104
NFLX,"Netflix, Inc.",stock,Communication Services,Entertainment,1780007,6700000,1|2|3|6|7|8,-21.75,2026-07-10,73.370003,USD,current,51,16,4049051,14935000,1451016,6140000,1/29/2025,12/23/2025,7,14|20|28|72|91|150
NBIX,"Neurocrine Biosciences, Inc.",stock,Healthcare,Drug Manufacturers—Specialty & Generic,3003,45000,7|8,24.87,2026-07-10,177.110001,USD,current,1,0,1001,15000,0,0,4/11/2025,4/11/2025,3,110|150
NWL,Newell Brands Inc. - Common Stock,stock,Consumer Defensive,Household & Personal Products,1015002,5050000,1|7,38.98,2026-07-10,5.17,USD,current,10,6,80010,325000,62006,230000,1/30/2025,12/26/2025,2,7|84
NEM,Newmont Corporation,stock,Basic Materials,Gold,1382007,5880000,2|3|5|6|7|8,-4.57,2026-07-10,95.290001,USD,current,28,4,1419028,3510000,46004,165000,1/6/2025,12/8/2025,7,20|28|61|75|111|128|129
NWSA,News Corporation,stock,Communication Services,Entertainment,1001,15000,8,4.79,2026-07-10,27.370001,USD,current,0,0,0,0,0,0,,,1,117
NWS,News Corporation Class B Common Stock,stock,Communication Services,Entertainment,1001,15000,1,4.39,2026-07-10,30.93,USD,current,1,1,15001,50000,1001,15000,10/29/2025,11/18/2025,1,14
NXRT,"NexPoint Residential Trust, Inc.",stock,Real Estate,REIT—Residential,1001,15000,7,-9.27,2026-07-10,27.309999,USD,current,6,5,34006,160000,47005,180000,1/30/2025,12/22/2025,1,81
NXST,"Nexstar Media Group, Inc.",stock,Communication Services,Broadcasting,1001,15000,7,-14.28,2026-07-10,174.050003,USD,current,0,0,0,0,0,0,,,1,100
NEE,"NextEra Energy, Inc.",stock,Utilities,Utilities—Regulated Electric,1382009,2830000,1|2|3|5|6|7|8,9.57,2026-07-10,87.959999,USD,current,38,7,764038,2085000,35007,175000,1/29/2025,12/23/2025,9,14|20|28|47|77|102|113|135
NI,NiSource Inc.,stock,Utilities,Utilities—Regulated Gas,16002,65000,1|8,12.31,2026-07-10,46.900002,USD,current,6,2,6006,90000,2002,30000,3/5/2025,12/23/2025,2,14|150
NKE,"Nike, Inc. Common Stock",stock,Consumer Cyclical,Footwear & Accessories,454007,1060000,2|3|6|7|8,-30.36,2026-07-10,44.369999,USD,current,28,10,719028,1810000,600010,1325000,1/30/2025,12/8/2025,7,20|28|76|92|112|130|132
NE,Noble Corporation plc A Ordinary Shares,stock,Energy,Oil & Gas Drilling,50001,100000,7,41.54,2026-07-10,39.970001,USD,current,1,1,50001,100000,15001,50000,9/22/2025,12/26/2025,1,92
NDSN,Nordson Corporation,stock,Industrials,Specialty Industrial Machinery,16002,65000,1|7,19.2,2026-07-10,286.600006,USD,current,5,4,47005,180000,18004,95000,1/29/2025,11/5/2025,2,14|83
NSC,Norfolk Southern Corporation,stock,Industrials,Railroads,418007,945000,1|2|3|6|7|8,13.42,2026-07-10,327.470001,USD,current,18,4,362018,1005000,18004,95000,1/29/2025,12/17/2025,7,14|20|28|74|95|131|133
NOG,"Northern Oil and Gas, Inc.",stock,Energy,Oil & Gas E&P,15001,50000,7,-13.74,2026-07-10,18.52,USD,current,11,6,144011,460000,147006,430000,1/30/2025,12/26/2025,1,108
NTRS,Northern Trust Corporation - Common Stock,stock,Financial Services,Asset Management,117004,330000,5|6|7|8,34.38,2026-07-10,183.550003,USD,current,11,4,39011,235000,32004,130000,2/3/2025,11/18/2025,4,65|79|109|127
NOC,Northrop Grumman Corporation,stock,Industrials,Aerospace & Defense,417006,930000,1|3|6|7|8,-5.36,2026-07-10,539.630005,USD,current,17,2,299017,935000,2002,30000,1/29/2025,12/17/2025,6,14|28|75|90|129|130
NWBI,"Northwest Bancshares, Inc.",stock,Financial Services,Banks—Regional,15001,50000,7,25.33,2026-07-10,15.04,USD,current,8,3,64008,260000,80003,200000,1/30/2025,11/24/2025,1,114
NWN,Northwest Natural Holding Company Common Stock,stock,Utilities,Utilities—Regulated Gas,15001,50000,7,7.83,2026-07-10,50.400002,USD,current,6,3,20006,125000,17003,80000,1/30/2025,7/31/2025,1,84
NCLH,Norwegian Cruise Line Holdings Ltd.,stock,Consumer Cyclical,Travel Services,3003,45000,1|8,-12.14,2026-07-10,19.610001,USD,current,7,4,35007,175000,32004,130000,1/29/2025,11/18/2025,3,8|150
NOVT,Novanta Inc. - Common Shares,stock,Technology,Scientific & Technical Instruments,15001,50000,7,31.65,2026-07-10,156.649994,USD,current,1,2,15001,50000,2002,30000,4/4/2025,11/10/2025,1,112
NUE,Nucor Corporation,stock,Basic Materials,Steel,283006,645000,1|3|6|7|8,39.4,2026-07-10,227.369995,USD,current,14,4,204014,635000,18004,95000,1/6/2025,12/17/2025,6,14|28|73|108|120
NTNX,"Nutanix, Inc.",stock,Technology,Software—Infrastructure,1001,15000,8,6,2026-07-10,54.790001,USD,current,6,5,34006,160000,19005,110000,1/29/2025,12/11/2025,1,150
ORLY,"O'Reilly Automotive, Inc.",stock,Consumer Cyclical,Auto Parts,318006,695000,3|5|6|7|8,-5.41,2026-07-10,86.279999,USD,current,28,9,422028,1305000,100009,325000,1/29/2025,12/23/2025,6,28|65|71|93|150
OI,"O-I Glass, Inc.",stock,Consumer Cyclical,Packaging & Containers,50001,100000,7,-34.42,2026-07-10,9.68,USD,current,7,2,7007,105000,2002,30000,1/30/2025,10/16/2025,1,111
OFG,OFG Bancorp,stock,Financial Services,Banks—Regional,15001,50000,7,20.42,2026-07-10,49.349998,USD,current,7,3,49007,210000,52003,130000,1/30/2025,10/16/2025,1,109
OGE,OGE Energy Corp.,stock,Utilities,Utilities—Regulated Electric,2002,30000,7|8,13.93,2026-07-10,48.650002,USD,current,1,0,1001,15000,0,0,12/11/2025,12/11/2025,2,109|150
ON,ON Semiconductor Corporation,stock,Technology,Semiconductors,119006,360000,1|5|6|7|8,77.21,2026-07-10,95.959999,USD,current,18,6,222018,730000,118006,295000,1/29/2025,12/4/2025,6,14|65|71|104|151
OKE,"ONEOK, Inc.",stock,Energy,Oil & Gas Midstream,168006,445000,3|5|6|7|8,22.34,2026-07-10,89.919998,USD,current,28,10,386028,1190000,299010,810000,1/29/2025,12/23/2025,6,28|58|76|86|116|132
OPLN,"OPENLANE, Inc.",stock,Consumer Cyclical,Auto & Truck Dealerships,50001,100000,7,33.95,2026-07-10,39.889999,USD,current,5,2,54005,160000,16002,65000,1/30/2025,5/29/2025,1,88
OSIS,"OSI Systems, Inc.",stock,Technology,Electronic Components,50001,100000,7,-15.11,2026-07-10,216.509995,USD,current,9,3,58009,220000,66003,165000,1/30/2025,10/23/2025,1,101
OUT,OUTFRONT Media Inc.,stock,Real Estate,REIT—Specialty,100001,250000,7,37.1,2026-07-10,33.040001,USD,current,7,1,84007,260000,15001,50000,1/30/2025,5/22/2025,1,98
OXY,Occidental Petroleum Corporation,stock,Energy,Oil & Gas E&P,17003,80000,1|3|8,28.62,2026-07-10,52.889999,USD,current,14,9,204014,635000,185009,525000,1/30/2025,12/17/2025,3,14|28|128
OII,"Oceaneering International, Inc.",stock,Energy,Oil & Gas Equipment & Services,50001,100000,7,75.2,2026-07-10,42.099998,USD,current,7,1,84007,260000,50001,100000,1/30/2025,5/29/2025,1,103
OKTA,"Okta, Inc.",stock,Technology,Software—Infrastructure,1001,15000,7,60.32,2026-07-10,138.630005,USD,current,2,2,16002,65000,2002,30000,1/29/2025,10/16/2025,1,109
ODFL,"Old Dominion Freight Line, Inc.",stock,Industrials,Trucking,52003,130000,3|6|8,45.17,2026-07-10,227.630005,USD,current,15,9,218015,620000,149009,410000,1/29/2025,12/4/2025,3,28|70|120
ONB,Old National Bancorp,stock,Financial Services,Banks—Regional,2002,30000,8,17.48,2026-07-10,26.209999,USD,current,2,2,16002,65000,16002,65000,3/5/2025,4/11/2025,2,123|129
ORI,Old Republic International Corporation Common Stock,stock,Financial Services,Insurance—Property & Casualty,2002,30000,7|8,-9.22,2026-07-10,41.43,USD,current,2,2,51002,115000,51002,115000,2/26/2025,11/10/2025,2,96|135
OLN,Olin Corporation,stock,Basic Materials,Chemicals,1001002,5015000,1|7,-0.72,2026-07-10,20.68,USD,current,2,2,16002,65000,16002,65000,1/6/2025,6/5/2025,2,7|101
OLLI,"Ollie's Bargain Outlet Holdings, Inc.",stock,Consumer Defensive,Discount Stores,1001,15000,8,-40.79,2026-07-10,64.900002,USD,current,3,3,66003,165000,80003,200000,3/5/2025,10/16/2025,1,151
OHI,"Omega Healthcare Investors, Inc. Common Stock",stock,Real Estate,REIT—Healthcare Facilities,51002,115000,7|8,8.93,2026-07-10,48.299999,USD,current,1,0,50001,100000,0,0,10/9/2025,10/9/2025,2,87|129
OMCL,"Omnicell, Inc.",stock,Healthcare,Health Information Services,50001,100000,7,-0.84,2026-07-10,44.919998,USD,current,7,3,35007,175000,31003,115000,1/30/2025,10/16/2025,1,94
OMC,Omnicom Group Inc.,stock,Communication Services,Advertising Agencies,1031005,2115000,1|5|6|7,1.46,2026-07-10,81.93,USD,current,11,7,237011,705000,7007,105000,4/3/2025,11/18/2025,5,14|65|75|97|112
OMF,"OneMain Holdings, Inc.",stock,Financial Services,Credit Services,2002,30000,8,-12.29,2026-07-10,59.25,USD,current,3,1,17003,80000,15001,50000,3/10/2025,4/11/2025,2,133|134
ORCL,Oracle Corporation,stock,Technology,Software—Infrastructure,1430006,5950000,1|2|6|7|8,-27.84,2026-07-10,140.639999,USD,current,40,10,1899040,4410000,404010,960000,1/6/2025,12/18/2025,6,14|20|76|106|133|134
OGN,Organon & Co.,stock,Healthcare,Drug Manufacturers—General,15001,50000,7,88.56,2026-07-10,13.52,USD,current,8,4,85008,275000,60004,200000,1/30/2025,12/26/2025,1,95
OSK,Oshkosh Corporation,stock,Industrials,Farm & Heavy Construction Machinery,15001,50000,7,16.48,2026-07-10,146.339996,USD,current,1,0,15001,50000,0,0,4/8/2025,4/8/2025,1,105
OTIS,Otis Worldwide Corporation,stock,Industrials,Specialty Industrial Machinery,154006,410000,1|3|6|7|8,-16.33,2026-07-10,73.089996,USD,current,11,6,201011,590000,69006,210000,2/3/2025,12/18/2025,6,14|28|74|105|124|125
OTTR,Otter Tail Corporation,stock,Industrials,Conglomerates,15001,50000,7,10.09,2026-07-10,88.959999,USD,current,13,5,69013,335000,82005,230000,1/30/2025,12/26/2025,1,104
OVV,Ovintiv Inc.,stock,Energy,Oil & Gas E&P,50001,100000,7,41.69,2026-07-10,55.529999,USD,current,1,1,15001,50000,1001,15000,4/4/2025,5/5/2025,1,86
OC,Owens Corning,stock,Industrials,Building Products & Equipment,51002,115000,7|8,28.09,2026-07-10,143.350006,USD,current,5,3,68005,195000,3003,45000,1/29/2025,11/17/2025,2,89|118
OXM,"Oxford Industries, Inc.",stock,Consumer Cyclical,Apparel Manufacturing,15001,50000,7,7.46,2026-07-10,36.75,USD,current,8,4,64008,260000,46004,165000,1/30/2025,12/26/2025,1,109
PCAR,PACCAR Inc,stock,Industrials,Farm & Heavy Construction Machinery,318006,695000,1|3|6|7|8,13.75,2026-07-10,124.57,USD,current,17,5,361017,990000,61005,215000,1/29/2025,12/17/2025,6,14|28|74|96|128|132
PDFS,"PDF Solutions, Inc.",stock,Technology,Software—Application,15001,50000,7,94.6,2026-07-10,55.52,USD,current,5,2,33005,145000,16002,65000,1/30/2025,5/29/2025,1,83
PENN,"PENN Entertainment, Inc.",stock,Consumer Cyclical,Resorts & Casinos,15001,50000,7,38.03,2026-07-10,20.360001,USD,current,9,5,79009,310000,61005,215000,1/30/2025,12/26/2025,1,82
PHIN,PHINIA Inc.,stock,Consumer Cyclical,Auto Parts,50001,100000,7,24.65,2026-07-10,78.139999,USD,current,7,2,35007,175000,30002,100000,1/30/2025,5/29/2025,1,97
PJT,PJT Partners Inc.,stock,Financial Services,Capital Markets,100001,250000,7,-6.15,2026-07-10,156.919998,USD,current,11,2,116011,390000,51002,115000,1/30/2025,5/29/2025,1,90
PNC,"PNC Financial Services Group, Inc. (The) Common Stock",stock,Financial Services,Banks—Regional,682007,1480000,1|2|3|5|6|7|8,20.69,2026-07-10,251.910004,USD,current,28,6,911028,2165000,97006,280000,1/29/2025,12/17/2025,7,15|20|28|58|76|94|133
PPG,"PPG Industries, Inc.",stock,Basic Materials,Specialty Chemicals,601004,1215000,1|3|7,13.96,2026-07-10,116.760002,USD,current,12,9,237012,655000,171009,490000,1/6/2025,12/17/2025,4,15|28|92|114
PPL,PPL Corporation,stock,Utilities,Utilities—Regulated Electric,68005,195000,1|3|5|7|8,2.17,2026-07-10,35.779999,USD,current,15,4,162015,480000,102004,230000,3/10/2025,12/23/2025,5,15|28|65|110|119
PRG,"PROG Holdings, Inc.",stock,Industrials,Rental & Leasing Services,15001,50000,7,50.02,2026-07-10,44.240002,USD,current,7,2,35007,175000,16002,65000,1/30/2025,11/24/2025,1,83
PTC,PTC Inc.,stock,Technology,Software—Application,52003,130000,5|7|8,-28.4,2026-07-10,124.739998,USD,current,16,6,178016,595000,119006,360000,3/5/2025,12/4/2025,3,66|94|152
PTCT,"PTC Therapeutics, Inc.",stock,Healthcare,Biotechnology,50001,100000,7,11.7,2026-07-10,84.849998,USD,current,2,0,101002,265000,0,0,11/28/2025,12/22/2025,1,92
PVH,PVH Corp.,stock,Consumer Cyclical,Apparel Manufacturing,1001,15000,7,18.43,2026-07-10,79.370003,USD,current,2,2,30002,100000,2002,30000,1/29/2025,6/5/2025,1,81
PCG,Pacific Gas & Electric Co. Common Stock,stock,Utilities,Utilities—Regulated Electric,133006,395000,1|3|6|7|8,6.85,2026-07-10,17.17,USD,current,17,6,214017,735000,48006,195000,1/29/2025,12/18/2025,6,14|28|72|112|118
PCRX,"Pacira BioSciences, Inc.",stock,Healthcare,Drug Manufacturers—Specialty & Generic,1001,15000,7,-1.55,2026-07-10,25.48,USD,current,6,6,48006,195000,34006,160000,1/30/2025,10/23/2025,1,100
PKG,Packaging Corporation of America Common Stock,stock,Consumer Cyclical,Packaging & Containers,132005,380000,2|6|7|8,10.93,2026-07-10,228.770004,USD,current,9,7,227009,630000,63007,245000,4/4/2025,12/11/2025,5,20|73|85|122|130
PLTR,Palantir Technologies Inc.,stock,Technology,Software—Infrastructure,1780007,6700000,1|2|5|6|7|8,-28.67,2026-07-10,126.790001,USD,current,45,3,1689045,4060000,66003,165000,1/29/2025,12/17/2025,7,14|20|65|72|91|151
PANW,"Palo Alto Networks, Inc.",stock,Technology,Software—Infrastructure,662008,1480000,1|2|3|5|6|7|8,76.93,2026-07-10,325.910004,USD,current,39,12,716039,2015000,117012,405000,1/29/2025,12/23/2025,8,14|20|28|65|71|90|151
PLMR,"Palomar Holdings, Inc.",stock,Financial Services,Insurance—Property & Casualty,15001,50000,7,0.97,2026-07-10,136.070007,USD,current,9,6,51009,240000,20006,125000,1/30/2025,11/28/2025,1,111
PZZA,"Papa John's International, Inc.",stock,Consumer Cyclical,Restaurants,15001,50000,7,-12.99,2026-07-10,33.490002,USD,current,6,3,34006,160000,3003,45000,1/30/2025,12/26/2025,1,83
PARR,"Par Pacific Holdings, Inc.  Common Stock",stock,Energy,Oil & Gas Refining & Marketing,50001,100000,7,87.19,2026-07-10,65.779999,USD,current,6,1,48006,195000,15001,50000,1/30/2025,5/15/2025,1,86
PSKY,Paramount Skydance Corporation Class B Common Stock,stock,Communication Services,Entertainment,51002,115000,1|6,-29.78,2026-07-10,9.41,USD,current,3,0,52003,130000,0,0,9/24/2025,12/17/2025,2,14|72
PH,Parker-Hannifin Corporation,stock,Industrials,Specialty Industrial Machinery,1817007,6680000,1|3|6|7|8,9.36,2026-07-10,961.27002,USD,current,17,4,482017,1305000,32004,130000,2/3/2025,12/17/2025,7,14|28|75|95|100|126|128
PSN,Parsons Corporation Common Stock,stock,Technology,Information Technology Services,1001,15000,7,-10,2026-07-10,55.619999,USD,current,0,0,0,0,0,0,,,1,97
PATK,"Patrick Industries, Inc.",stock,Consumer Cyclical,Recreational Vehicles,50001,100000,7,-23.73,2026-07-10,82.699997,USD,current,9,1,72009,255000,50001,100000,1/30/2025,5/29/2025,1,99
PYPL,"PayPal Holdings, Inc.",stock,Financial Services,Credit Services,33005,145000,2|3|7|8,-20.66,2026-07-10,46.32,USD,current,22,10,443022,1220000,350010,825000,1/29/2025,12/18/2025,5,20|28|86|117|118
PAYX,"Paychex, Inc.",stock,Technology,Software—Application,153005,395000,3|5|7|8,-4.14,2026-07-10,107.540001,USD,current,26,15,456026,1390000,452015,1205000,1/29/2025,12/29/2025,5,28|61|65|104|128
PAYC,"Paycom Software, Inc.",stock,Technology,Software—Application,16002,65000,7|8,-12.73,2026-07-10,139.080002,USD,current,1,1,15001,50000,15001,50000,11/5/2025,11/18/2025,2,83|121
PCTY,Paylocity Holding Corporation - Common Stock,stock,Technology,Software—Application,50001,100000,7,-22.3,2026-07-10,118.5,USD,current,3,2,66003,165000,16002,65000,4/4/2025,11/10/2025,1,87
PAYO,Payoneer Global Inc.,stock,Technology,Software—Infrastructure,15001,50000,7,26.33,2026-07-10,7.1,USD,current,9,4,51009,240000,81004,215000,1/30/2025,12/26/2025,1,85
BTU,Peabody Energy Corporation,stock,Energy,Thermal Coal,50001,100000,7,-21.31,2026-07-10,23.370001,USD,current,6,2,34006,160000,30002,100000,1/30/2025,5/29/2025,1,93
PEB,Pebblebrook Hotel Trust Common Shares of Beneficial Interest,stock,Real Estate,REIT—Hotel & Motel,15001,50000,7,60.6,2026-07-10,18.18,USD,current,6,2,34006,160000,30002,100000,1/30/2025,5/29/2025,1,85
MD,"Pediatrix Medical Group, Inc.",stock,Healthcare,Medical Care Facilities,15001,50000,7,22.81,2026-07-10,26.27,USD,current,7,4,35007,175000,32004,130000,1/30/2025,10/16/2025,1,113
PEGA,Pegasystems Inc.,stock,Technology,Software—Application,15001,50000,7,-47.69,2026-07-10,31.24,USD,current,1,0,15001,50000,0,0,4/4/2025,4/4/2025,1,85
PENG,"Penguin Solutions, Inc.",stock,Technology,Information Technology Services,1001,15000,7,300.56,2026-07-10,78.349998,USD,current,5,4,33005,145000,4004,60000,1/30/2025,11/24/2025,1,81
PNR,Pentair plc,stock,Industrials,Specialty Industrial Machinery,1001,15000,8,-26.84,2026-07-10,76.190002,USD,current,3,2,17003,80000,16002,65000,2/6/2025,11/18/2025,1,121
PEN,"Penumbra, Inc.",stock,Healthcare,Medical Devices,50001,100000,7,2.31,2026-07-10,318.100006,USD,current,2,3,30002,100000,17003,80000,4/4/2025,11/10/2025,1,111
PEP,"PepsiCo, Inc. - Common Stock",stock,Consumer Defensive,Beverages—Non-Alcoholic,1146010,2515000,1|2|3|5|6|7|8,-4.28,2026-07-10,137.380005,USD,current,47,9,1162047,3105000,284009,760000,1/6/2025,12/17/2025,10,14|20|28|48|58|61|77|103|136
PFGC,Performance Food Group Company,stock,Consumer Defensive,Food Distribution,16002,65000,7|8,26.07,2026-07-10,113.360001,USD,current,3,1,17003,80000,1001,15000,3/10/2025,12/11/2025,2,112|151
PR,Permian Resources Corporation Class A Common Stock,stock,Energy,Oil & Gas E&P,1001,15000,8,36.49,2026-07-10,19.15,USD,current,2,1,16002,65000,15001,50000,3/10/2025,4/11/2025,1,130
PRGO,Perrigo Company plc,stock,Healthcare,Drug Manufacturers—Specialty & Generic,15001,50000,7,-26.58,2026-07-10,10.22,USD,current,1,1,15001,50000,1001,15000,12/22/2025,12/26/2025,1,104
PFE,Pfizer Inc.,stock,Healthcare,Drug Manufacturers—General,1382010,2980000,1|2|3|5|6|7|8,-2.93,2026-07-10,24.17,USD,current,38,10,1102038,2830000,349010,960000,1/6/2025,12/29/2025,10,14|20|28|54|61|77|99|113|136
PAHC,Phibro Animal Health Corporation - Class A Common Stock,stock,Healthcare,Drug Manufacturers—Specialty & Generic,15001,50000,7,-14.16,2026-07-10,32.07,USD,current,0,0,0,0,0,0,,,1,98
PM,Philip Morris International Inc.,stock,Consumer Defensive,Tobacco,1981009,7065000,1|2|3|5|6|7|8,13.23,2026-07-10,181.619995,USD,current,41,14,2011041,4790000,1252014,5705000,1/6/2025,12/23/2025,9,14|20|28|48|77|91|97|136
PSX,Phillips 66,stock,Energy,Oil & Gas Refining & Marketing,383007,895000,1|3|5|6|7|8,45.97,2026-07-10,188.360001,USD,current,23,5,354023,1110000,47005,180000,1/29/2025,12/23/2025,7,14|28|58|76|98|126|132
PECO,"Phillips Edison & Company, Inc.",stock,Real Estate,REIT—Retail,50001,100000,7,17.71,2026-07-10,41.869999,USD,current,11,4,158011,495000,116004,265000,1/30/2025,11/28/2025,1,103
PLAB,"Photronics, Inc.",stock,Technology,Semiconductor Equipment & Materials,50001,100000,7,-6.56,2026-07-10,29.9,USD,current,6,2,20006,125000,16002,65000,1/30/2025,6/23/2025,1,106
PPC,Pilgrim's Pride Corporation,stock,Consumer Defensive,Packaged Foods,1001,15000,7,-27.55,2026-07-10,28.25,USD,current,0,0,0,0,0,0,,,1,81
PNFP,"Pinnacle Financial Partners, Inc. Common stock",stock,Financial Services,Banks—Regional,1001,15000,7,5.3,2026-07-10,100.470001,USD,current,2,2,16002,65000,16002,65000,2/3/2025,10/16/2025,1,112
PNW,Pinnacle West Capital Corporation,stock,Utilities,Utilities—Regulated Electric,101002,265000,1|6,21.89,2026-07-10,108.120003,USD,current,3,0,102003,280000,0,0,10/29/2025,12/17/2025,2,14|70
PINS,"Pinterest, Inc.",stock,Communication Services,Internet Content & Information,1001,15000,8,-13.02,2026-07-10,22.52,USD,current,5,6,33005,145000,48006,195000,1/30/2025,10/9/2025,1,151
PIPR,Piper Sandler Companies,stock,Financial Services,Capital Markets,100001,250000,7,-15.1,2026-07-10,72.099998,USD,current,8,2,99008,310000,100002,200000,1/30/2025,5/29/2025,1,105
PBI,Pitney Bowes Inc.,stock,Industrials,Integrated Freight & Logistics,15001,50000,7,73.42,2026-07-10,18.33,USD,current,4,3,18004,95000,17003,80000,1/30/2025,11/24/2025,1,107
PLNT,"Planet Fitness, Inc.",stock,Consumer Cyclical,Leisure,16002,65000,7|8,-52.68,2026-07-10,51.330002,USD,current,1,0,15001,50000,0,0,4/4/2025,4/4/2025,2,97|151
PLXS,Plexus Corp.,stock,Technology,Electronic Components,50001,100000,7,81.82,2026-07-10,267.269989,USD,current,12,3,82012,355000,80003,200000,1/30/2025,11/24/2025,1,87
POOL,Pool Corporation,stock,Industrials,Industrial Distribution,102004,230000,6|7|8,-8,2026-07-10,210.440002,USD,current,7,6,232007,580000,132006,330000,5/5/2025,12/18/2025,4,70|101|115|122
BPOP,"Popular, Inc.",stock,Financial Services,Banks—Regional,17003,80000,7|8,36.97,2026-07-10,170.559998,USD,current,1,0,15001,50000,0,0,4/4/2025,4/4/2025,3,83|125|130
POR,Portland General Electric Company,stock,Utilities,Utilities—Regulated Electric,1065003,5150000,2|6|7,9.98,2026-07-10,52.779999,USD,current,14,0,1265014,2950000,0,0,9/16/2025,12/4/2025,3,19|72|111
POST,"Post Holdings, Inc.",stock,Consumer Defensive,Packaged Foods,1001,15000,7,-12.89,2026-07-10,86.279999,USD,current,0,0,0,0,0,0,,,1,81
POWL,"Powell Industries, Inc.",stock,Industrials,Electrical Equipment & Parts,50001,100000,7,118.51,2026-07-10,232.190002,USD,current,7,2,35007,175000,30002,100000,1/30/2025,5/15/2025,1,93
POWI,"Power Integrations, Inc.",stock,Technology,Semiconductors,15001,50000,7,102.79,2026-07-10,72.07,USD,current,1,1,15001,50000,1001,15000,12/22/2025,12/26/2025,1,92
PFBC,Preferred Bank - Common Stock,stock,Financial Services,Banks—Regional,15001,50000,7,11.98,2026-07-10,105.739998,USD,current,6,2,34006,160000,30002,100000,1/30/2025,5/29/2025,1,85
PBH,Prestige Consumer Healthcare Inc.,stock,Healthcare,Drug Manufacturers—Specialty & Generic,15001,50000,7,-20.73,2026-07-10,48.900002,USD,current,13,6,118013,420000,83006,245000,1/30/2025,12/26/2025,1,94
PSMT,"PriceSmart, Inc.",stock,Consumer Defensive,Discount Stores,50001,100000,7,60.02,2026-07-10,196.300003,USD,current,9,2,23009,170000,30002,100000,1/30/2025,5/29/2025,1,89
PRI,"Primerica, Inc.",stock,Financial Services,Insurance—Life,1001,15000,7,17.88,2026-07-10,304.559998,USD,current,1,1,15001,50000,15001,50000,11/10/2025,12/11/2025,1,81
PRIM,Primoris Services Corporation,stock,Industrials,Engineering & Construction,50001,100000,7,-30.24,2026-07-10,86.599998,USD,current,1,1,50001,100000,1001,15000,12/22/2025,12/26/2025,1,94
PFG,"Principal Financial Group, Inc.",stock,Financial Services,Asset Management,167005,430000,1|3|5|6|7,27.23,2026-07-10,112.230003,USD,current,15,4,191015,615000,18004,95000,1/29/2025,12/17/2025,5,15|29|58|76|94
PRVA,"Privia Health Group, Inc.",stock,Healthcare,Health Information Services,50001,100000,7,15.94,2026-07-10,27.49,USD,current,13,2,55013,300000,65002,150000,1/30/2025,9/22/2025,1,87
PRA,ProAssurance Corporation Common Stock,stock,Financial Services,Insurance - Property & Casualty,15001,50000,7,0,2026-07-02,25,USD,stale_or_delisted,3,0,3003,45000,0,0,1/30/2025,2/24/2025,1,108
PCOR,"Procore Technologies, Inc.",stock,Technology,Software—Application,16002,65000,7|8,-40.43,2026-07-10,43.330002,USD,current,3,1,17003,80000,1001,15000,3/5/2025,9/15/2025,2,111|152
PG,Procter & Gamble Company (The) Common Stock,stock,Consumer Defensive,Household & Personal Products,1531008,6215000,1|2|3|5|6|7|8,2.6,2026-07-10,147.039993,USD,current,40,13,2316040,5240000,567013,1305000,1/6/2025,12/18/2025,8,15|20|29|54|77|113|136
PRGS,Progress Software Corporation,stock,Technology,Software—Infrastructure,15001,50000,7,-11.87,2026-07-10,37.860001,USD,current,10,6,101010,340000,62006,230000,1/30/2025,12/26/2025,1,84
PGR,Progressive Corporation (The) Common Stock,stock,Financial Services,Insurance—Property & Casualty,382006,880000,2|3|6|7|8,1.32,2026-07-10,230.720001,USD,current,27,15,790027,2100000,417015,1155000,1/29/2025,12/11/2025,6,20|29|72|95|126|133
PGNY,"Progyny, Inc.",stock,Healthcare,Healthcare Plans,15001,50000,7,19.35,2026-07-10,30.65,USD,current,8,5,50008,225000,33005,145000,1/30/2025,12/22/2025,1,83
PLD,"Prologis, Inc.",stock,Real Estate,REIT—Industrial,647007,1430000,1|2|3|6|7|8,10.35,2026-07-10,140.869995,USD,current,26,5,661026,1715000,103005,245000,1/6/2025,11/5/2025,7,15|20|29|77|105|135
PTGX,"Protagonist Therapeutics, Inc.",stock,Healthcare,Biotechnology,100001,250000,7,50.47,2026-07-10,131.419998,USD,current,8,2,36008,190000,2002,30000,1/30/2025,10/16/2025,1,113
PRLB,"Proto Labs, Inc. Common stock",stock,Industrials,Metal Fabrication,15001,50000,7,47.06,2026-07-10,74.400002,USD,current,5,1,19005,110000,15001,50000,1/30/2025,5/29/2025,1,97
PFS,"Provident Financial Services, Inc.",stock,Financial Services,Banks—Regional,50001,100000,7,19.14,2026-07-10,23.530001,USD,current,5,1,19005,110000,15001,50000,1/30/2025,4/28/2025,1,86
PRU,"Prudential Financial, Inc.",stock,Financial Services,Insurance—Life,383007,895000,1|3|5|6|7|8,2.21,2026-07-10,115.370003,USD,current,26,5,357026,1155000,19005,110000,1/29/2025,12/17/2025,7,15|29|58|77|90|130|131
PEG,Public Service Enterprise Group Incorporated Common Stock,stock,Utilities,Utilities—Regulated Electric,284007,660000,1|3|5|6|7|8,0.31,2026-07-10,80.550003,USD,current,23,6,262023,855000,34006,160000,1/29/2025,12/23/2025,7,15|29|58|76|83|127|131
PSA,Public Storage,stock,Real Estate,REIT—Industrial,633007,1395000,1|3|6|7|8,23.53,2026-07-10,320.559998,USD,current,21,11,387021,1130000,137011,405000,1/29/2025,12/17/2025,7,15|29|75|85|96|133
PHM,"PulteGroup, Inc.",stock,Consumer Cyclical,Residential Construction,81004,215000,1|2|6|8,6.39,2026-07-10,124.75,USD,current,13,7,308013,845000,197007,530000,1/29/2025,12/17/2025,4,15|20|72|118
PSTG,"Pure Storage, Inc. Class A Common Stock",stock,Technology,Computer Hardware,16002,65000,7|8,18.39,2026-07-10,79.330002,USD,current,7,5,35007,175000,19005,110000,1/29/2025,12/11/2025,2,83|152
PRSU,"Pursuit Attractions and Hospitality, Inc. Common Stock",stock,Consumer Cyclical,Travel Services,15001,50000,7,59.86,2026-07-10,53.84,USD,current,6,1,34006,160000,15001,50000,1/30/2025,5/29/2025,1,93
QTWO,"Q2 Holdings, Inc.",stock,Technology,Software—Application,50001,100000,7,-28.17,2026-07-10,51.830002,USD,current,4,1,166004,415000,50001,100000,9/22/2025,12/22/2025,1,93
QCOM,QUALCOMM Incorporated,stock,Technology,Semiconductors,967008,2030000,1|2|5|6|7|8,10.59,2026-07-10,189.160004,USD,current,38,5,983038,2570000,104005,310000,1/29/2025,11/18/2025,8,15|20|54|58|77|101|134|135
Q,"Qnity Electronics, Inc.",stock,Technology,Semiconductor Equipment & Materials,103004,295000,1|3|6|8,76.12,2026-07-10,143.800003,USD,current,0,4,0,0,18004,95000,11/10/2025,12/18/2025,4,15|29|72|115
QRVO,"Qorvo, Inc.",stock,Technology,Semiconductors,100001,250000,7,1.54,2026-07-10,85.809998,USD,current,11,4,109011,410000,67004,180000,1/30/2025,11/24/2025,1,111
KWR,Quaker Chemical Corporation,stock,Basic Materials,Specialty Chemicals,50001,100000,7,7.91,2026-07-10,148.169998,USD,current,7,1,63007,245000,50001,100000,1/30/2025,5/15/2025,1,92
NX,Quanex Building Products Corporation Common Stock,stock,Industrials,Building Products & Equipment,15001,50000,7,13.13,2026-07-10,17.4,USD,current,5,3,33005,145000,31003,115000,1/30/2025,11/28/2025,1,82
PWR,"Quanta Services, Inc.",stock,Industrials,Engineering & Construction,417006,930000,1|3|6|7|8,56.03,2026-07-10,658.559998,USD,current,15,1,261015,790000,15001,50000,1/29/2025,12/17/2025,6,15|29|72|103|116
DGX,Quest Diagnostics Incorporated,stock,Healthcare,Diagnostics & Research,132005,380000,1|6|7|8,19.54,2026-07-10,207.440002,USD,current,10,0,115010,375000,0,0,1/29/2025,12/17/2025,5,15|73|84|122|125
QDEL,QuidelOrtho Corporation,stock,Healthcare,Medical Devices,15001,50000,7,-36.03,2026-07-10,18.27,USD,current,9,5,51009,240000,33005,145000,1/30/2025,12/26/2025,1,111
RBA,"RB Global, Inc.",stock,Industrials,Specialty Business Services,15001,50000,7,5.11,2026-07-10,108.129997,USD,current,2,1,16002,65000,1001,15000,1/29/2025,11/17/2025,1,112
REX,REX American Resources Corporation,stock,Basic Materials,Chemicals,15001,50000,7,45.73,2026-07-10,47.099998,USD,current,3,1,3003,45000,1001,15000,1/30/2025,4/28/2025,1,95
RLI,RLI Corp.,stock,Financial Services,Insurance—Property & Casualty,16002,65000,7|8,-5.2,2026-07-10,60.650002,USD,current,2,0,16002,65000,0,0,10/16/2025,11/10/2025,2,114|133
RES,"RPC, Inc.",stock,Energy,Oil & Gas Equipment & Services,15001,50000,7,3.86,2026-07-10,5.65,USD,current,5,3,47005,180000,17003,80000,1/30/2025,10/23/2025,1,110
RPM,RPM International Inc.,stock,Basic Materials,Specialty Chemicals,3003,45000,7|8,1.06,2026-07-10,105.099998,USD,current,3,1,17003,80000,15001,50000,4/4/2025,11/10/2025,3,81|116|121
RTX,RTX Corporation Common Stock,stock,Industrials,Aerospace & Defense,1896008,6915000,1|2|3|6|7|8,6.83,2026-07-10,195.929993,USD,current,30,4,927030,2430000,117004,330000,1/29/2025,12/17/2025,8,15|20|29|76|94|103|134
RXO,"RXO, Inc.",stock,Industrials,Trucking,15001,50000,7,107.67,2026-07-10,26.25,USD,current,8,3,78008,295000,31003,115000,1/30/2025,12/26/2025,1,109
RDNT,"RadNet, Inc.",stock,Healthcare,Diagnostics & Research,100001,250000,7,-8.06,2026-07-10,65.599998,USD,current,11,4,102011,355000,53004,145000,1/30/2025,10/16/2025,1,101
RDN,Radian Group Inc.,stock,Financial Services,Insurance—Specialty,100001,250000,7,5.14,2026-07-10,37.84,USD,current,9,3,79009,310000,45003,150000,1/30/2025,7/31/2025,1,90
RAL,Ralliant Corp,stock,Technology,Electronic Components,50001,100000,7,36.02,2026-07-10,69.25,USD,current,4,3,131004,365000,66003,165000,7/23/2025,12/22/2025,1,99
RL,Ralph Lauren Corporation,stock,Consumer Cyclical,Apparel Manufacturing,101002,265000,6|8,11.68,2026-07-10,394.899994,USD,current,4,2,117004,330000,2002,30000,1/29/2025,11/5/2025,2,70|123
RRC,Range Resources Corporation,stock,Energy,Oil & Gas E&P,16002,65000,7|8,0.65,2026-07-10,35.490002,USD,current,1,0,15001,50000,0,0,4/4/2025,4/4/2025,2,92|120
RJF,"Raymond James Financial, Inc.",stock,Financial Services,Asset Management,118005,345000,1|3|6|8,4.69,2026-07-10,168.119995,USD,current,11,5,215011,625000,47005,180000,1/29/2025,12/17/2025,5,15|29|73|119|120
O,Realty Income Corporation,stock,Real Estate,REIT—Retail,318006,695000,1|3|6|7|8,12.31,2026-07-10,63.310001,USD,current,17,8,420017,1050000,85008,275000,2/3/2025,12/18/2025,6,15|29|77|88|133|134
RRR,"Red Rock Resorts, Inc.",stock,Consumer Cyclical,Resorts & Casinos,15001,50000,7,3.65,2026-07-10,64.209999,USD,current,2,1,16002,65000,1001,15000,11/13/2025,12/26/2025,1,112
RDDT,"Reddit, Inc.",stock,Communication Services,Internet Content & Information,3003,45000,7|8,-15.02,2026-07-10,195.339996,USD,current,5,4,33005,145000,18004,95000,1/29/2025,11/17/2025,3,107|152
RRX,Regal Rexnord Corporation,stock,Industrials,Specialty Industrial Machinery,15001,50000,7,53.15,2026-07-10,214.899994,USD,current,1,1,15001,50000,1001,15000,4/4/2025,5/5/2025,1,84
REG,Regency Centers Corporation,stock,Real Estate,REIT—Retail,1001,15000,1,15.34,2026-07-10,79.620003,USD,current,1,1,1001,15000,1001,15000,10/29/2025,11/5/2025,1,15
REGN,"Regeneron Pharmaceuticals, Inc.",stock,Healthcare,Biotechnology,418007,945000,1|3|5|6|7|8,-13.91,2026-07-10,664.52002,USD,current,32,11,456032,1365000,151011,440000,1/29/2025,12/17/2025,7,15|29|66|73|113|121|122
RF,Regions Financial Corporation,stock,Financial Services,Banks—Regional,166004,415000,1|5|6|7,14.46,2026-07-10,31.02,USD,current,13,3,175013,550000,17003,80000,3/5/2025,12/17/2025,4,15|66|70|97
RGA,"Reinsurance Group of America, Incorporated Common Stock",stock,Financial Services,Insurance—Reinsurance,50001,100000,7,13.61,2026-07-10,231.160004,USD,current,1,0,15001,50000,0,0,11/10/2025,11/10/2025,1,114
RNR,RenaissanceRe Holdings Ltd.,stock,Financial Services,Insurance—Reinsurance,1001,15000,7,12.03,2026-07-10,314.98999,USD,current,0,0,0,0,0,0,,,1,114
RNST,Renasant Corporation,stock,Financial Services,Banks—Regional,50001,100000,7,20.73,2026-07-10,42.52,USD,current,9,3,114009,360000,66003,165000,1/30/2025,10/16/2025,1,112
RGEN,Repligen Corporation,stock,Healthcare,Medical Instruments & Supplies,15001,50000,7,-11.97,2026-07-10,144.240005,USD,current,2,2,16002,65000,2002,30000,4/4/2025,8/7/2025,1,104
RSG,"Republic Services, Inc.",stock,Industrials,Waste Management,753005,1545000,3|6|7|8,3.43,2026-07-10,219.199997,USD,current,20,11,501020,1315000,344011,860000,1/29/2025,11/17/2025,5,29|72|111|124|125
RMD,ResMed Inc.,stock,Healthcare,Medical Instruments & Supplies,18004,95000,3|7|8,-15.36,2026-07-10,203.869995,USD,current,8,5,184008,510000,146005,415000,3/10/2025,12/11/2025,4,29|109|120|127
REZI,"Resideo Technologies, Inc.",stock,Industrials,Industrial Distribution,100001,250000,7,-3.36,2026-07-10,33.939999,USD,current,7,1,98007,295000,15001,50000,1/30/2025,4/10/2025,1,103
RVMD,"Revolution Medicines, Inc.",stock,Healthcare,Biotechnology,51002,115000,7|8,134.63,2026-07-10,186.880005,USD,current,2,0,16002,65000,0,0,4/4/2025,4/11/2025,2,87|152
REYN,Reynolds Consumer Products Inc.,stock,Consumer Cyclical,Packaging & Containers,1001,15000,7,14.62,2026-07-10,26.27,USD,current,1,2,15001,50000,16002,65000,1/6/2025,10/23/2025,1,82
RITM,Rithm Capital Corp.,stock,Real Estate,REIT—Mortgage,1001,15000,7,-15.78,2026-07-10,9.18,USD,current,0,0,0,0,0,0,,,1,112
RIVN,"Rivian Automotive, Inc.",stock,Consumer Cyclical,Auto Manufacturers,16002,65000,7|8,-11.31,2026-07-10,17.48,USD,current,2,1,16002,65000,1001,15000,4/4/2025,8/14/2025,2,84|152
RHI,Robert Half Inc.,stock,Industrials,Staffing & Employment Services,50001,100000,7,19.29,2026-07-10,32.400002,USD,current,11,7,278011,745000,232007,580000,1/30/2025,12/26/2025,1,89
HOOD,"Robinhood Markets, Inc.",stock,Financial Services,Capital Markets,318006,695000,2|3|6|7|8,-1,2026-07-10,111.970001,USD,current,13,3,374013,960000,31003,115000,1/29/2025,11/3/2025,6,20|29|71|89|152
RBLX,Roblox Corporation,stock,Communication Services,Electronic Gaming & Multimedia,53004,145000,2|7|8,-31.69,2026-07-10,55.349998,USD,current,12,8,103012,370000,36008,190000,2/3/2025,12/11/2025,4,20|109|152
RKT,"Rocket Companies, Inc.",stock,Financial Services,Mortgage Finance,52003,130000,7|8,-25.67,2026-07-10,14.39,USD,current,3,1,17003,80000,250001,500000,10/3/2025,10/16/2025,3,111|152
RKLB,Rocket Lab Corporation,stock,Industrials,Aerospace & Defense,1001,15000,8,16.17,2026-07-10,81.040001,USD,current,4,4,18004,95000,18004,95000,10/9/2025,12/11/2025,1,152
ROK,"Rockwell Automation, Inc.",stock,Industrials,Specialty Industrial Machinery,682007,1480000,1|3|6|7|8,21.35,2026-07-10,472.119995,USD,current,11,4,201011,590000,32004,130000,1/29/2025,12/17/2025,7,15|29|73|96|112|120|125
ROG,Rogers Corporation,stock,Technology,Electronic Components,15001,50000,7,50.18,2026-07-10,137.520004,USD,current,5,2,33005,145000,30002,100000,1/30/2025,5/29/2025,1,113
ROIV,Roivant Sciences Ltd. - Common Shares,stock,Healthcare,Biotechnology,1001,15000,8,65.76,2026-07-10,35.970001,USD,current,1,0,1001,15000,0,0,4/11/2025,4/11/2025,1,152
ROKU,"Roku, Inc.",stock,Communication Services,Entertainment,16002,65000,7|8,29.68,2026-07-10,140.690002,USD,current,4,2,32004,130000,30002,100000,3/10/2025,9/8/2025,2,84|152
ROL,"Rollins, Inc.",stock,Consumer Cyclical,Personal Services,131004,365000,1|6|7|8,-25.91,2026-07-10,44.470001,USD,current,6,0,97006,280000,0,0,2/24/2025,12/17/2025,4,15|73|83|121
ROP,"Roper Technologies, Inc.",stock,Technology,Software—Application,303005,645000,3|6|7|8,-20.05,2026-07-10,355.899994,USD,current,30,15,736030,1940000,433015,1120000,1/29/2025,12/18/2025,5,29|72|94|123
ROST,"Ross Stores, Inc.",stock,Consumer Cyclical,Apparel Retail,348008,795000,1|2|3|5|6|7|8,23.73,2026-07-10,222.880005,USD,current,22,5,468022,1295000,96005,265000,1/29/2025,11/18/2025,8,15|20|29|66|74|100|126|127
RCL,Royal Caribbean Cruises Ltd. Common Stock,stock,Consumer Cyclical,Travel Services,168006,445000,1|2|3|7|8,2.31,2026-07-10,285.369995,USD,current,23,7,388023,1170000,312007,730000,1/29/2025,12/17/2025,6,8|20|29|106|124|126
RGLD,"Royal Gold, Inc.",stock,Basic Materials,Gold,1001,15000,8,-11.45,2026-07-10,196.830002,USD,current,1,0,1001,15000,0,0,3/5/2025,3/5/2025,1,118
RPRX,Royalty Pharma plc,stock,Healthcare,Biotechnology,4004,60000,5|7|8,46.04,2026-07-10,56.43,USD,current,5,2,19005,110000,2002,30000,1/30/2025,10/15/2025,4,66|107|123
RUSHA,"Rush Enterprises, Inc.",stock,Consumer Cyclical,Auto & Truck Dealerships,15001,50000,7,39.93,2026-07-10,75.480003,USD,current,10,4,52010,255000,32004,130000,1/30/2025,11/24/2025,1,84
RYAN,"Ryan Specialty Holdings, Inc.",stock,Financial Services,Insurance—Specialty,1001,15000,8,-21.73,2026-07-10,40.41,USD,current,3,2,17003,80000,16002,65000,8/4/2025,9/15/2025,1,116
R,"Ryder System, Inc.",stock,Industrials,Rental & Leasing Services,16002,65000,7|8,40.5,2026-07-10,268.910004,USD,current,2,1,16002,65000,1001,15000,3/5/2025,4/4/2025,2,100|123
RHP,"Ryman Hospitality Properties, Inc.",stock,Real Estate,REIT—Hotel & Motel,50001,100000,7,32.86,2026-07-10,125.709999,USD,current,6,4,146006,365000,116004,265000,3/24/2025,12/22/2025,1,103
SPGI,S&P Global Inc.,stock,Financial Services,Financial Data & Stock Exchanges,752006,1630000,1|3|6|7|8,-12.93,2026-07-10,430.5,USD,current,31,10,1633031,3745000,835010,1775000,1/29/2025,12/17/2025,6,15|29|75|91|129|130
STBA,"S&T Bancorp, Inc.",stock,Financial Services,Banks—Regional,1001,15000,7,23.89,2026-07-10,48.75,USD,current,5,3,5005,75000,3003,45000,1/30/2025,10/16/2025,1,100
SBAC,SBA Communications Corporation,stock,Real Estate,REIT—Specialty,67004,180000,1|7|8,-1.76,2026-07-10,190.029999,USD,current,8,3,85008,275000,17003,80000,1/29/2025,12/18/2025,4,15|95|124|126
SEIC,SEI Investments Company,stock,Financial Services,Asset Management,1001,15000,8,16.37,2026-07-10,95.449997,USD,current,1,1,15001,50000,15001,50000,3/10/2025,4/4/2025,1,124
SLG,SL Green Realty Corp.,stock,Real Estate,REIT—Office,50001,100000,7,6.13,2026-07-10,48.68,USD,current,11,4,165011,475000,165004,350000,1/30/2025,12/26/2025,1,112
SLB,SLB N.V.,stock,Energy,Oil & Gas Equipment & Services,298007,695000,1|3|5|6|7|8,24.44,2026-07-10,47.759998,USD,current,12,3,40012,250000,66003,165000,4/17/2025,12/17/2025,7,8|29|66|74|85|123|124
SM,SM Energy Company,stock,Energy,Oil & Gas E&P,15001,50000,7,48.72,2026-07-10,27.809999,USD,current,10,4,80010,325000,81004,215000,1/30/2025,12/26/2025,1,91
SPSC,"SPS Commerce, Inc.",stock,Technology,Software—Application,50001,100000,7,-31.73,2026-07-10,60.849998,USD,current,12,5,208012,595000,180005,400000,1/30/2025,11/24/2025,1,110
SSNC,"SS&C Technologies Holdings, Inc. - Common Stock",stock,Technology,Software—Application,2002,30000,2|8,-23.79,2026-07-10,66.620003,USD,current,5,3,118005,345000,116003,315000,2/24/2025,10/16/2025,2,20|120
STAA,STAAR Surgical Company,stock,Healthcare,Medical Instruments & Supplies,15001,50000,7,20.23,2026-07-10,27.76,USD,current,5,2,19005,110000,2002,30000,1/30/2025,6/23/2025,1,84
STE,STERIS plc,stock,Healthcare,Medical Devices,66003,165000,1|7|8,-14.8,2026-07-10,216,USD,current,10,4,66010,290000,18004,95000,1/30/2025,12/17/2025,3,8|92|119
SAFT,"Safety Insurance Group, Inc.",stock,Financial Services,Insurance—Property & Casualty,15001,50000,7,-3.03,2026-07-10,75.550003,USD,current,7,5,98007,295000,61005,215000,1/30/2025,10/23/2025,1,84
CRM,"Salesforce, Inc. Common Stock",stock,Technology,Software—Application,1360007,5800000,1|2|3|6|7|8,-38.35,2026-07-10,163.320007,USD,current,32,13,1257032,3105000,224013,635000,1/6/2025,12/11/2025,7,15|20|29|74|114|130
SBH,"Sally Beauty Holdings, Inc. (Name to be changed from Sally Holdings, Inc.) Common Stock",stock,Consumer Cyclical,Specialty Retail,15001,50000,7,7.22,2026-07-10,15.29,USD,current,4,2,32004,130000,16002,65000,1/30/2025,5/29/2025,1,84
IOT,Samsara Inc.,stock,Technology,Software—Infrastructure,15001,50000,7,3.58,2026-07-10,36.720001,USD,current,4,3,32004,130000,17003,80000,3/5/2025,8/14/2025,1,110
SNDK,Sandisk Corporation,stock,Technology,Computer Hardware,206009,615000,5|6|7|8,707.11,2026-07-10,1915.920044,USD,current,11,4,215011,625000,517004,1080000,3/11/2025,12/18/2025,9,66|71|113|153
SANM,Sanmina Corporation,stock,Technology,Electronic Components,100001,250000,7,39.13,2026-07-10,208.789993,USD,current,10,1,165010,525000,100001,250000,1/30/2025,5/29/2025,1,93
SRPT,"Sarepta Therapeutics, Inc.",stock,Healthcare,Biotechnology,15001,50000,7,-11.94,2026-07-10,18.950001,USD,current,4,3,32004,130000,3003,45000,1/29/2025,11/24/2025,1,102
BFS,"Saul Centers, Inc. Common Stock",stock,Real Estate,REIT—Retail,15001,50000,7,14.62,2026-07-10,36.139999,USD,current,4,4,81004,215000,46004,165000,1/30/2025,11/24/2025,1,100
SNDR,"Schneider National, Inc. Common Stock",stock,Industrials,Trucking,15001,50000,7,37.2,2026-07-10,36.400002,USD,current,8,4,50008,225000,32004,130000,1/30/2025,11/24/2025,1,84
SCHL,Scholastic Corporation,stock,Communication Services,Publishing,1001,15000,7,53.66,2026-07-10,45.529999,USD,current,3,2,3003,45000,2002,30000,1/30/2025,4/28/2025,1,81
SBCF,Seacoast Banking Corporation of Florida - Common Stock,stock,Financial Services,Banks—Regional,50001,100000,7,4.77,2026-07-10,32.919998,USD,current,8,1,106008,290000,50001,100000,1/30/2025,5/29/2025,1,88
STX,Seagate Technology Holdings PLC - Ordinary Shares (Ireland),stock,Technology,Computer Hardware,462009,1080000,1|2|3|5|6|7|8,230.56,2026-07-10,910.340027,USD,current,25,1,243025,870000,1001,15000,2/10/2025,12/17/2025,9,8|20|29|66|73|91|119|127
SEE,Sealed Air Corporation Common Stock,stock,Consumer Cyclical,Packaging & Containers,100001,250000,7,,,,,unavailable,7,2,120007,375000,51002,115000,1/30/2025,4/8/2025,1,108
SEM,Select Medical Holdings Corporation Common Stock,stock,Healthcare,Medical Care Facilities,15001,50000,7,-0.12,2026-06-30,16.51,USD,stale_or_delisted,10,3,66010,290000,45003,150000,1/30/2025,11/24/2025,1,106
SRE,Sempra,stock,Utilities,Utilities—Diversified,333007,745000,1|3|5|6|7|8,6.69,2026-07-10,94.199997,USD,current,23,8,474023,1360000,271008,640000,1/29/2025,12/23/2025,7,15|29|58|75|89|129
SMTC,Semtech Corporation,stock,Technology,Semiconductors,100001,250000,7,84.73,2026-07-10,136.130005,USD,current,9,2,100009,325000,16002,65000,1/30/2025,6/30/2025,1,91
ST,Sensata Technologies Holding plc Ordinary Shares,stock,Technology,Scientific & Technical Instruments,15001,50000,7,36.14,2026-07-10,45.32,USD,current,1,0,15001,50000,0,0,4/4/2025,4/4/2025,1,84
SXT,Sensient Technologies Corporation,stock,Basic Materials,Specialty Chemicals,50001,100000,7,23.3,2026-07-10,115.839996,USD,current,9,3,65009,275000,45003,150000,1/30/2025,10/23/2025,1,89
SCI,Service Corporation International,stock,Consumer Cyclical,Personal Services,16002,65000,7|8,-0.64,2026-07-10,77.470001,USD,current,4,1,32004,130000,15001,50000,2/24/2025,12/11/2025,2,91|121
NOW,"ServiceNow, Inc.",stock,Technology,Software—Application,102003,280000,3|7|8,-29.69,2026-07-10,107.709999,USD,current,30,13,849030,2210000,638013,1420000,1/29/2025,12/11/2025,3,29|112|153
SFBS,"ServisFirst Bancshares, Inc.",stock,Financial Services,Banks—Regional,50001,100000,7,18.89,2026-07-10,85.349998,USD,current,9,3,114009,360000,115003,250000,1/30/2025,10/16/2025,1,86
SHAK,Shake Shack Inc.,stock,Consumer Cyclical,Restaurants,50001,100000,7,-27.81,2026-07-10,58.599998,USD,current,9,4,114009,360000,95004,250000,1/30/2025,12/26/2025,1,87
SN,"SharkNinja, Inc.",stock,Consumer Cyclical,"Furnishings, Fixtures & Appliances",16002,65000,7|8,36.42,2026-07-10,152.649994,USD,current,2,0,16002,65000,0,0,4/4/2025,4/11/2025,2,110|153
SHEN,Shenandoah Telecommunications Company,stock,Communication Services,Telecom Services,1001,15000,7,9.95,2026-07-10,12.71,USD,current,2,4,2002,30000,4004,60000,2/3/2025,11/24/2025,1,108
FOUR,"Shift4 Payments, Inc. Class A Common Stock",stock,Technology,Software—Infrastructure,15001,50000,7,-19.31,2026-07-10,50.810001,USD,current,3,4,80003,200000,46004,165000,3/10/2025,12/11/2025,1,105
SCVL,"Shoe Carnival, Inc. Common Stock",stock,Consumer Cyclical,Apparel Retail,15001,50000,7,-9,2026-07-10,15.36,USD,current,3,2,31003,115000,16002,65000,1/30/2025,11/28/2025,1,82
SITM,SiTime Corporation,stock,Technology,Semiconductors,100001,250000,7,78.07,2026-07-10,628.940002,USD,current,9,4,79009,310000,32004,130000,1/30/2025,10/16/2025,1,98
SIG,Signet Jewelers Limited Common Shares,stock,Consumer Cyclical,Luxury Goods,50001,100000,7,1.74,2026-07-10,84.32,USD,current,8,1,8008,120000,1001,15000,1/30/2025,4/10/2025,1,89
SFNC,Simmons First National Corporation,stock,Financial Services,Banks—Regional,15001,50000,7,21.27,2026-07-10,22.860001,USD,current,10,3,52010,255000,45003,150000,1/30/2025,11/24/2025,1,100
SPG,"Simon Property Group, Inc. Common Stock",stock,Real Estate,REIT—Retail,333007,745000,1|2|3|6|7|8,18.18,2026-07-10,218.770004,USD,current,21,2,281021,915000,51002,115000,1/29/2025,12/17/2025,7,15|20|29|77|92|134|136
SSD,"Simpson Manufacturing Co., Inc.",stock,Basic Materials,Lumber & Wood Production,1001,15000,8,16.93,2026-07-10,188.800003,USD,current,1,1,1001,15000,1001,15000,10/9/2025,11/10/2025,1,153
SPNT,SiriusPoint Ltd. Common Shares,stock,Financial Services,Insurance—Reinsurance,50001,100000,7,12.61,2026-07-10,24.65,USD,current,5,0,5005,75000,0,0,1/30/2025,4/10/2025,1,99
SIRI,SiriusXM Holdings Inc. - Common Stock,stock,Communication Services,Entertainment,1015002,5050000,1|7,52.1,2026-07-10,30.42,USD,current,1,0,15001,50000,0,0,4/4/2025,4/4/2025,2,7|82
FUN,Six Flags Entertainment Corporation Common Stock New,stock,Consumer Cyclical,Leisure,15001,50000,7,26.86,2026-07-10,19.459999,USD,current,13,5,174013,560000,145005,350000,1/30/2025,12/26/2025,1,83
SKYW,"SkyWest, Inc.",stock,Industrials,Airlines,100001,250000,7,-0.69,2026-07-10,99.720001,USD,current,8,1,85008,275000,15001,50000,1/30/2025,4/10/2025,1,113
SWKS,"Skyworks Solutions, Inc.",stock,Technology,Semiconductors,19005,110000,5|7|8,-4.78,2026-07-10,60.380001,USD,current,7,3,21007,140000,3003,45000,4/3/2025,12/15/2025,5,66|92|128|131
SW,Smurfit Westrock Plc,stock,Consumer Cyclical,Packaging & Containers,1001,15000,5,14.38,2026-07-10,44.23,USD,current,13,10,140013,500000,137010,455000,1/29/2025,12/23/2025,1,66
SNAP,Snap Inc.,stock,Communication Services,Internet Content & Information,15001,50000,7,-42.01,2026-07-10,4.68,USD,current,2,3,30002,100000,17003,80000,1/29/2025,9/8/2025,1,82
SNA,Snap-On Incorporated Common Stock,stock,Industrials,Tools & Accessories,267004,580000,1|2|6|8,16.64,2026-07-10,401.940002,USD,current,8,3,177008,530000,66003,165000,2/6/2025,11/18/2025,4,15|20|75|125
SNOW,Snowflake Inc.,stock,Technology,Software—Application,66003,165000,2|7|8,19.19,2026-07-10,261.450012,USD,current,10,5,164010,460000,33005,145000,1/6/2025,11/20/2025,3,20|89|153
SOFI,"SoFi Technologies, Inc.",stock,Financial Services,Credit Services,16002,65000,7|8,-28.27,2026-07-10,18.780001,USD,current,4,1,32004,130000,1001,15000,1/29/2025,8/27/2025,2,85|153
SEDG,"SolarEdge Technologies, Inc.",stock,Technology,Solar,15001,50000,7,91.27,2026-07-10,55.18,USD,current,5,3,33005,145000,3003,45000,1/30/2025,10/16/2025,1,94
SOLS,"Solstice Advanced Materials, Inc.",stock,Basic Materials,Specialty Chemicals,102003,280000,1|7,26.18,2026-07-10,61.299999,USD,current,2,4,115002,300000,18004,95000,11/7/2025,12/26/2025,3,15|90|108
SOLV,Solventum Corporation,stock,Healthcare,Medical Instruments & Supplies,16002,65000,1|8,-3.21,2026-07-10,76.699997,USD,current,4,1,32004,130000,15001,50000,3/10/2025,12/17/2025,2,15|153
SGI,Somnigroup International Inc. Common Stock,stock,Consumer Cyclical,"Furnishings, Fixtures & Appliances",15001,50000,7,-17.62,2026-07-10,73.550003,USD,current,2,1,16002,65000,1001,15000,3/5/2025,4/4/2025,1,85
SAH,"Sonic Automotive, Inc.",stock,Consumer Cyclical,Auto & Truck Dealerships,15001,50000,7,52.83,2026-07-10,94.540001,USD,current,4,2,18004,95000,2002,30000,1/30/2025,11/24/2025,1,108
SONO,"Sonos, Inc.",stock,Technology,Consumer Electronics,50001,100000,7,-17.43,2026-07-10,14.5,USD,current,6,2,34006,160000,30002,100000,1/30/2025,6/30/2025,1,103
SSB,SouthState Bank Corporation,stock,Financial Services,Banks—Regional,51002,115000,7|8,5.92,2026-07-10,99.68,USD,current,3,1,66003,165000,15001,50000,3/10/2025,11/10/2025,2,93|118
SO,Southern Company (The) Common Stock,stock,Utilities,Utilities—Regulated Electric,603006,1245000,1|3|6|7|8,9.64,2026-07-10,95.610001,USD,current,35,11,654035,1885000,272011,755000,1/29/2025,12/23/2025,6,15|29|76|89|134|135
LUV,Southwest Airlines Company Common Stock,stock,Industrials,Airlines,267004,580000,1|6|8,17.18,2026-07-10,48.43,USD,current,8,4,163008,495000,18004,95000,1/29/2025,12/17/2025,4,15|71|123|127
SWX,"Southwest Gas Holdings, Inc.",stock,Utilities,Utilities—Regulated Gas,1001,15000,7,13.95,2026-07-10,91.18,USD,current,1,1,1001,15000,1001,15000,3/5/2025,4/11/2025,1,81
CXM,"Sprinklr, Inc.",stock,Technology,Software—Application,15001,50000,7,-29.56,2026-07-10,5.48,USD,current,8,3,50008,225000,45003,150000,1/30/2025,11/28/2025,1,83
SMP,"Standard Motor Products, Inc.",stock,Consumer Cyclical,Auto Parts,1001,15000,7,1.68,2026-07-10,37.470001,USD,current,4,2,32004,130000,16002,65000,1/30/2025,5/29/2025,1,81
SXI,Standex International Corporation,stock,Industrials,Specialty Industrial Machinery,50001,100000,7,45.24,2026-07-10,315.579987,USD,current,8,2,36008,190000,16002,65000,1/30/2025,5/29/2025,1,87
SWK,"Stanley Black & Decker, Inc.",stock,Industrials,Tools & Accessories,16002,65000,1|5,18.77,2026-07-10,88.220001,USD,current,10,6,38010,220000,6006,90000,1/29/2025,12/17/2025,2,15|67
SBUX,Starbucks Corporation,stock,Consumer Cyclical,Restaurants,697009,1530000,1|2|3|5|6|7|8,25.89,2026-07-10,106.010002,USD,current,39,14,1049039,2635000,667014,1505000,1/6/2025,12/23/2025,9,15|20|29|58|76|90|103|132|133
STT,State Street Corporation,stock,Financial Services,Asset Management,148007,445000,1|3|5|6|7|8,39.69,2026-07-10,180.220001,USD,current,16,3,540016,1350000,66003,165000,3/5/2025,12/17/2025,7,16|29|67|72|98|125|129
STLD,"Steel Dynamics, Inc.",stock,Basic Materials,Steel,118005,345000,1|3|6|8,34.8,2026-07-10,228.419998,USD,current,9,3,136009,440000,17003,80000,1/29/2025,12/17/2025,5,16|29|72|120|121
STLA,Stellantis N.V. Common Shares,stock,Consumer Cyclical,Auto Manufacturers,15001,50000,5,-49.49,2026-07-10,5.5,USD,current,7,1,7007,105000,1001,15000,4/17/2025,12/15/2025,1,58
STEL,"Stellar Bancorp, Inc.",stock,Financial Services,Banks—Regional,15001,50000,7,27.08,2026-06-30,39.32,USD,stale_or_delisted,6,2,34006,160000,30002,100000,1/30/2025,5/29/2025,1,98
STEP,StepStone Group Inc.,stock,Financial Services,Asset Management,50001,100000,7,-33.05,2026-07-10,42.959999,USD,current,11,5,179011,510000,181005,465000,1/30/2025,10/16/2025,1,86
SHOO,"Steven Madden, Ltd.",stock,Consumer Cyclical,Footwear & Accessories,50001,100000,7,0.89,2026-07-10,42.009998,USD,current,9,2,72009,255000,65002,150000,1/30/2025,5/29/2025,1,107
STC,Stewart Information Services Corporation,stock,Financial Services,Insurance—Property & Casualty,15001,50000,7,-2.56,2026-07-10,68.459999,USD,current,7,3,21007,140000,31003,115000,1/30/2025,10/16/2025,1,101
SF,Stifel Financial Corp.,stock,Financial Services,Capital Markets,2002,30000,7|8,-9.92,2026-07-10,75.199997,USD,current,1,1,15001,50000,1001,15000,2/3/2025,3/10/2025,2,81|120
SNEX,StoneX Group Inc.,stock,Financial Services,Capital Markets,50001,100000,7,85.62,2026-07-10,117.720001,USD,current,9,5,65009,275000,47005,180000,1/30/2025,11/24/2025,1,87
STRA,"Strategic Education, Inc.",stock,Consumer Defensive,Education & Training Services,50001,100000,7,4.96,2026-07-10,84.18,USD,current,9,5,100009,325000,61005,215000,1/30/2025,12/26/2025,1,98
MSTR,Strategy Inc - Class A Common Stock,stock,Technology,Software—Application,52003,130000,2|7|8,-37.72,2026-07-10,94.639999,USD,current,17,9,108017,445000,79009,310000,4/17/2025,12/18/2025,3,19|91|153
LRN,"Stride, Inc.",stock,Consumer Defensive,Education & Training Services,50001,100000,7,40.15,2026-07-10,91,USD,current,13,7,209013,610000,133007,345000,1/30/2025,12/26/2025,1,114
SYK,Stryker Corporation,stock,Healthcare,Medical Devices,668007,1445000,1|2|3|6|7|8,-6.17,2026-07-10,329.779999,USD,current,35,15,924035,2460000,268015,770000,1/29/2025,12/18/2025,7,16|20|29|74|93|126|130
INN,"Summit Hotel Properties, Inc.",stock,Real Estate,REIT—Hotel & Motel,15001,50000,7,32.65,2026-07-10,6.46,USD,current,4,1,32004,130000,15001,50000,1/30/2025,4/28/2025,1,100
SUI,"Sun Communities, Inc.",stock,Real Estate,REIT—Residential,1001,15000,7,-4.06,2026-07-10,118.879997,USD,current,0,0,0,0,0,0,,,1,107
SNCY,"Sun Country Airlines Holdings, Inc. Common Stock",stock,Industrials,Airlines,1001,15000,7,0,2026-05-15,16.17,USD,stale_or_delisted,5,1,5005,75000,15001,50000,1/30/2025,6/23/2025,1,106
SXC,"SunCoke Energy, Inc.",stock,Basic Materials,Coking Coal,15001,50000,7,14.17,2026-07-10,8.22,USD,current,6,3,62006,230000,31003,115000,1/30/2025,12/1/2025,1,82
RUN,Sunrun Inc.,stock,Technology,Solar,50001,100000,7,-32.23,2026-07-10,12.47,USD,current,9,4,51009,240000,32004,130000,1/30/2025,10/16/2025,1,89
SHO,"Sunstone Hotel Investors, Inc. Sunstone Hotel Investors, Inc. Common Shares",stock,Real Estate,REIT—Hotel & Motel,15001,50000,7,25.5,2026-07-10,11.22,USD,current,7,2,49007,210000,16002,65000,1/30/2025,5/29/2025,1,85
SMCI,"Super Micro Computer, Inc.",stock,Technology,Computer Hardware,18004,95000,2|3|5|7,-3.28,2026-07-10,28.309999,USD,current,21,9,148021,620000,72009,255000,2/24/2025,12/11/2025,4,20|29|67|93
SUPN,"Supernus Pharmaceuticals, Inc.",stock,Healthcare,Drug Manufacturers—Specialty & Generic,100001,250000,7,-2.49,2026-07-10,48.459999,USD,current,9,2,51009,240000,16002,65000,1/30/2025,7/31/2025,1,90
SLVM,Sylvamo Corporation,stock,Basic Materials,Paper & Paper Products,15001,50000,7,-18.63,2026-07-10,39.18,USD,current,10,4,101010,340000,95004,250000,1/30/2025,10/23/2025,1,105
SYF,Synchrony Financial,stock,Financial Services,Credit Services,267004,580000,1|2|3|6,-13.17,2026-07-10,72.440002,USD,current,13,3,217013,655000,52003,130000,1/29/2025,12/17/2025,4,16|20|29|73
SNPS,"Synopsys, Inc.",stock,Technology,Software—Infrastructure,402005,880000,3|5|6|7|8,-5.16,2026-07-10,445.5,USD,current,30,12,616030,1690000,216012,640000,1/29/2025,12/23/2025,5,29|67|71|99|153
SNV,Synovus Financial Corp. Common Stock,stock,Financial Services,Banks - Regional,51002,115000,7|8,,,,,unavailable,3,1,31003,115000,1001,15000,2/3/2025,5/5/2025,2,107|129
SYY,Sysco Corporation,stock,Consumer Defensive,Food Distribution,303005,645000,5|6|7|8,13.76,2026-07-10,83.830002,USD,current,19,4,286019,865000,32004,130000,1/29/2025,12/23/2025,5,67|74|102|127
TMUS,"T-Mobile US, Inc.",stock,Communication Services,Telecom Services,368006,845000,3|6|7|8,-7.6,2026-07-10,187.610001,USD,current,37,13,955037,2350000,730013,1675000,2/3/2025,12/23/2025,6,29|30|75|91|133
TROW,"T. Rowe Price Group, Inc.",stock,Financial Services,Asset Management,104005,310000,3|5|6|8,15.79,2026-07-10,118.550003,USD,current,16,4,192016,630000,32004,130000,1/29/2025,12/23/2025,5,28|58|76|132|133
SNX,TD SYNNEX Corporation,stock,Technology,Electronics & Computer Distribution,1001,15000,8,67.42,2026-07-10,251.520004,USD,current,3,1,17003,80000,15001,50000,3/5/2025,4/4/2025,1,122
TEL,TE Connectivity plc,stock,Technology,Electronic Components,298007,695000,1|2|3|6|7|8,-11.93,2026-07-10,200.360001,USD,current,11,4,158011,495000,18004,95000,2/5/2025,11/18/2025,7,8|20|30|72|94|127|131
TGNA,TEGNA Inc. Common Stock,stock,Communication Services,Broadcasting,50001,100000,7,,,,,unavailable,6,2,55006,175000,16002,65000,1/30/2025,5/29/2025,1,110
TGTX,"TG Therapeutics, Inc.",stock,Healthcare,Biotechnology,50001,100000,7,91.61,2026-07-10,57.119999,USD,current,12,3,82012,355000,31003,115000,1/30/2025,12/26/2025,1,88
TJX,"TJX Companies, Inc. (The) Common Stock",stock,Consumer Cyclical,Apparel Retail,1417007,5930000,1|2|3|6|7|8,-1.48,2026-07-10,151.339996,USD,current,20,7,962020,2255000,233007,645000,1/29/2025,12/17/2025,7,16|21|30|75|105|131|132
TKO,"TKO Group Holdings, Inc.",stock,Communication Services,Entertainment,18004,95000,1|7|8,-11.77,2026-07-10,184.399994,USD,current,3,1,31003,115000,15001,50000,3/10/2025,11/18/2025,4,16|85|120|121
TPG,TPG Inc.,stock,Financial Services,Asset Management,1001,15000,5,-33.16,2026-07-10,42.669998,USD,current,1,0,1001,15000,0,0,6/13/2025,6/13/2025,1,67
TTMI,"TTM Technologies, Inc.",stock,Technology,Electronic Components,100001,250000,7,112.23,2026-07-10,146.440002,USD,current,8,3,50008,225000,45003,150000,1/30/2025,5/29/2025,1,90
TTWO,"Take-Two Interactive Software, Inc.",stock,Communication Services,Electronic Gaming & Multimedia,331005,715000,3|5|6|7|8,-5.01,2026-07-10,243.199997,USD,current,21,3,225021,775000,3003,45000,1/29/2025,12/23/2025,5,29|67|71|113|153
TALO,Talos Energy Inc.,stock,Energy,Oil & Gas E&P,15001,50000,7,22.5,2026-07-10,13.5,USD,current,6,2,6006,90000,16002,65000,1/30/2025,9/22/2025,1,106
TNDM,"Tandem Diabetes Care, Inc.",stock,Healthcare,Medical Devices,15001,50000,7,-29.89,2026-07-10,15.41,USD,current,9,5,37009,205000,33005,145000,1/30/2025,12/26/2025,1,83
SKT,Tanger Inc.,stock,Real Estate,REIT—Retail,50001,100000,7,18.76,2026-07-10,39.630001,USD,current,12,4,68012,320000,60004,200000,1/30/2025,10/16/2025,1,114
TPR,"Tapestry, Inc.",stock,Consumer Cyclical,Luxury Goods,102003,280000,6|8,10.14,2026-07-10,140.729996,USD,current,8,4,135008,425000,46004,165000,1/29/2025,11/10/2025,3,72|124|126
TRGP,Targa Resources Corp.,stock,Energy,Oil & Gas Midstream,118006,295000,1|3|6|7|8,48.16,2026-07-10,273.350006,USD,current,20,6,252020,830000,133006,395000,1/29/2025,12/18/2025,6,16|29|72|98|123|130
TGT,Target Corporation Common Stock,stock,Consumer Defensive,Discount Stores,269008,710000,1|2|3|5|7|8,38.25,2026-07-10,135.139999,USD,current,31,12,560031,1700000,501012,1240000,1/29/2025,12/29/2025,8,16|20|30|58|62|90|131|133
FTI,TechnipFMC plc,stock,Energy,Oil & Gas Equipment & Services,16002,65000,7|8,61.24,2026-07-10,71.849998,USD,current,3,1,17003,80000,1001,15000,3/5/2025,8/4/2025,2,112|116
TDY,Teledyne Technologies Incorporated,stock,Technology,Scientific & Technical Instruments,2002,30000,3|8,24.25,2026-07-10,634.599976,USD,current,5,4,118005,345000,117004,330000,2/3/2025,12/11/2025,2,30|154
TFX,Teleflex Incorporated,stock,Healthcare,Medical Instruments & Supplies,50001,100000,7,11.22,2026-07-10,135.729996,USD,current,8,5,197008,480000,131005,315000,1/6/2025,12/26/2025,1,93
TDS,"Telephone and Data Systems, Inc.",stock,Communication Services,Telecom Services,50001,100000,7,-16.73,2026-07-10,34.139999,USD,current,8,2,50008,225000,2002,30000,1/30/2025,10/23/2025,1,110
THC,Tenet Healthcare Corporation,stock,Healthcare,Medical Care Facilities,16002,65000,7|8,2.78,2026-07-10,204.25,USD,current,3,1,31003,115000,1001,15000,1/29/2025,8/7/2025,2,102|154
TNC,Tennant Company,stock,Industrials,Specialty Industrial Machinery,1001,15000,7,16.08,2026-07-10,85.550003,USD,current,8,5,71008,240000,33005,145000,1/30/2025,11/24/2025,1,110
TDC,Teradata Corporation Common Stock,stock,Technology,Software—Infrastructure,100001,250000,7,10.84,2026-07-10,33.740002,USD,current,6,2,111006,315000,30002,100000,3/24/2025,10/23/2025,1,105
TER,"Teradyne, Inc.",stock,Technology,Semiconductor Equipment & Materials,55006,175000,1|3|5|7|8,85.78,2026-07-10,359.600006,USD,current,11,5,53011,270000,33005,145000,3/5/2025,11/20/2025,6,16|30|67|98|117|118
TRNO,Terreno Realty Corporation,stock,Real Estate,REIT—Industrial,50001,100000,7,18.21,2026-07-10,69.400002,USD,current,11,4,144011,460000,95004,250000,1/30/2025,12/26/2025,1,92
TSLA,"Tesla, Inc.  - Common Stock",stock,Consumer Cyclical,Auto Manufacturers,6951008,31965000,1|2|3|5|6|7|8,-9.33,2026-07-10,407.76001,USD,current,51,6,4088051,12145000,153006,345000,1/29/2025,12/17/2025,8,16|21|30|67|72|109|154
TTEK,"Tetra Tech, Inc.",stock,Industrials,Engineering & Construction,15001,50000,7,-7.6,2026-07-10,30.99,USD,current,1,0,15001,50000,0,0,11/10/2025,11/10/2025,1,93
TXN,Texas Instruments Incorporated - Common Stock,stock,Technology,Semiconductors,997009,2180000,2|3|5|6|7|8,79.53,2026-07-10,311.459991,USD,current,51,18,1573051,3970000,982018,2305000,1/29/2025,12/29/2025,9,21|30|58|62|75|107|132|135
TPL,Texas Pacific Land Corporation,stock,Energy,Oil & Gas E&P,68005,195000,1|6|7|8,38.51,2026-07-10,397.820007,USD,current,9,8,128009,395000,36008,190000,1/29/2025,12/18/2025,5,16|72|85|115|121
TXRH,"Texas Roadhouse, Inc.",stock,Consumer Cyclical,Restaurants,16002,65000,7|8,14.16,2026-07-10,189.5,USD,current,2,1,16002,65000,1001,15000,4/4/2025,11/10/2025,2,101|117
TXT,Textron Inc.,stock,Industrials,Aerospace & Defense,50001,100000,1,4.29,2026-07-10,90.910004,USD,current,3,1,52003,130000,1001,15000,4/4/2025,12/17/2025,1,16
AES,The AES Corporation,stock,Utilities,Utilities—Diversified,102003,280000,1|6|8,3.07,2026-07-10,14.78,USD,current,5,2,118005,345000,16002,65000,1/6/2025,12/4/2025,3,8|70|129
ALL,The Allstate Corporation,stock,Financial Services,Insurance—Property & Casualty,68005,195000,2|3|7|8,20.88,2026-07-10,251.610001,USD,current,19,5,422019,1155000,331005,715000,1/29/2025,11/20/2025,5,17|23|96|127|128
ANDE,"The Andersons, Inc.",stock,Consumer Defensive,Food Distribution,15001,50000,7,35.81,2026-07-10,72.209999,USD,current,7,2,35007,175000,30002,100000,1/30/2025,9/22/2025,1,97
TBBK,"The Bancorp, Inc. - Common Stock",stock,Financial Services,Banks—Regional,50001,100000,7,-1.51,2026-07-10,66.5,USD,current,7,2,21007,140000,16002,65000,1/30/2025,5/29/2025,1,106
BNY,The Bank of New York Mellon Corporation Common Stock,stock,Financial Services,Banks—Diversified,419008,960000,1|2|3|4|6|7|8,30.86,2026-07-10,151.919998,USD,current,31,3,762031,2030000,17003,80000,1/29/2025,12/17/2025,8,9|17|24|42|75|90|128|131
BA,The Boeing Company,stock,Industrials,Aerospace & Defense,132005,380000,2|3|7|8,2.38,2026-07-10,222.279999,USD,current,31,14,771031,2015000,716014,1590000,1/29/2025,12/18/2025,5,18|24|114|140
BKE,"The Buckle, Inc.",stock,Consumer Cyclical,Apparel Retail,50001,100000,7,-20.29,2026-07-10,42.580002,USD,current,8,2,78008,295000,65002,150000,1/30/2025,5/29/2025,1,88
CPB,The Campbell's Company,stock,Consumer Defensive,Packaged Foods,52003,130000,1|7|8,-20.81,2026-07-10,22.07,USD,current,7,4,105007,275000,53004,145000,1/30/2025,12/18/2025,3,9|88|115
CG,The Carlyle Group Inc.,stock,Financial Services,Asset Management,1001,15000,4,-24.36,2026-07-10,44.709999,USD,current,6,5,34006,160000,19005,110000,1/29/2025,12/15/2025,1,43
CAKE,The Cheesecake Factory Incorporated,stock,Consumer Cyclical,Restaurants,15001,50000,7,63.95,2026-07-10,82.760002,USD,current,7,2,35007,175000,30002,100000,1/30/2025,11/24/2025,1,92
CHEF,"The Chefs' Warehouse, Inc. - Common Stock",stock,Consumer Defensive,Food Distribution,15001,50000,7,53.68,2026-07-10,95.790001,USD,current,6,4,20006,125000,18004,95000,1/30/2025,10/16/2025,1,109
CC,The Chemours Company,stock,Basic Materials,Specialty Chemicals,50001,100000,7,51.06,2026-07-10,17.809999,USD,current,4,1,46004,165000,50001,100000,3/24/2025,5/29/2025,1,103
CI,The Cigna Group,stock,Healthcare,Healthcare Plans,117004,330000,3|7|8,6.62,2026-07-10,293.459991,USD,current,17,11,447017,1255000,335011,875000,1/6/2025,12/18/2025,4,30|99|131|132
CLX,The Clorox Company,stock,Consumer Defensive,Household & Personal Products,51002,115000,6|8,-4.23,2026-07-10,96.559998,USD,current,12,8,174012,535000,121008,390000,4/17/2025,12/23/2025,2,73|117
KO,The Coca-Cola Company,stock,Consumer Defensive,Beverages—Non-Alcoholic,2545009,11250000,1|2|3|4|6|7|8,19.42,2026-07-10,83.489998,USD,current,43,12,1544043,3835000,223012,620000,1/29/2025,12/23/2025,9,10|18|24|32|77|97|113|136
COO,"The Cooper Companies, Inc.",stock,Healthcare,Medical Instruments & Supplies,18004,95000,1|4|7|8,-13.74,2026-07-10,70.699997,USD,current,7,5,35007,175000,19005,110000,2/24/2025,12/17/2025,4,10|43|95|142
GEO,"The GEO Group, Inc.",stock,Industrials,Security & Protection Services,50001,100000,7,89.02,2026-07-10,30.469999,USD,current,10,4,143010,445000,67004,180000,1/30/2025,11/24/2025,1,98
GAP,"The Gap, Inc.",stock,Consumer Cyclical,Apparel Retail,15001,50000,7,-23.98,2026-07-10,19.459999,USD,current,1,0,15001,50000,0,0,4/8/2025,4/8/2025,1,95
GS,"The Goldman Sachs Group, Inc.",stock,Financial Services,Capital Markets,2530008,11200000,1|2|3|4|6|7|8,20.04,2026-07-10,1055.180054,USD,current,55,5,3279055,7710000,202005,480000,1/29/2025,12/17/2025,8,12|19|26|41|77|106|135
HIG,"The Hartford Insurance Group, Inc. Common Stock",stock,Financial Services,Insurance—Diversified,283006,645000,2|3|6|7|8,0.71,2026-07-10,138.779999,USD,current,14,3,396014,990000,116003,315000,1/29/2025,11/20/2025,6,19|26|74|113|121|124
HSY,The Hershey Company,stock,Consumer Defensive,Confectioners,269006,610000,3|4|6|7|8,-4.57,2026-07-10,173.660004,USD,current,15,5,191015,615000,19005,110000,1/29/2025,11/10/2025,6,26|45|75|107|123|126
HD,"The Home Depot, Inc.",stock,Consumer Cyclical,Home Improvement Retail,2566009,11265000,1|2|3|4|6|7|8,-0.23,2026-07-10,343.299988,USD,current,42,14,2000042,4675000,359014,935000,2/6/2025,12/18/2025,9,12|19|26|38|77|106|113|136
SJM,The J. M. Smucker Company,stock,Consumer Defensive,Packaged Foods,51002,115000,1|8,14.1,2026-07-10,111.599998,USD,current,4,2,53004,145000,16002,65000,1/6/2025,12/17/2025,2,15|124
KHC,The Kraft Heinz Company,stock,Consumer Defensive,Packaged Foods,18004,95000,1|3|5|8,2.47,2026-07-10,24.85,USD,current,31,17,270031,975000,256017,765000,1/6/2025,12/23/2025,4,13|27|57|132
MOS,The Mosaic Company,stock,Basic Materials,Agricultural Inputs,15001,50000,7,-10.71,2026-07-10,21.51,USD,current,3,3,45003,150000,31003,115000,1/6/2025,11/18/2025,1,82
SHW,The Sherwin-Williams Company,stock,Basic Materials,Specialty Chemicals,367005,830000,3|6|7|8,3.07,2026-07-10,333.98999,USD,current,20,8,762020,1905000,468008,1045000,1/29/2025,12/18/2025,5,29|73|109|126
SMPL,The Simply Good Foods Company,stock,Consumer Defensive,Packaged Foods,50001,100000,7,-36.4,2026-07-10,12.77,USD,current,13,4,125013,475000,130004,300000,1/30/2025,11/28/2025,1,97
JOE,The St. Joe Company,stock,Real Estate,Real Estate—Diversified,50001,100000,7,2.32,2026-07-10,60.75,USD,current,6,2,34006,160000,16002,65000,1/30/2025,6/30/2025,1,88
TTD,"The Trade Desk, Inc.",stock,Communication Services,Advertising Agencies,102003,280000,2|3|6,-48.55,2026-07-10,19.530001,USD,current,21,11,211021,740000,102011,355000,1/29/2025,12/11/2025,3,21|30|70
TRV,"The Travelers Companies, Inc. Common Stock",stock,Financial Services,Insurance—Property & Casualty,633007,1395000,1|2|3|6|7|8,16.84,2026-07-10,338.920013,USD,current,23,3,480023,1350000,52003,130000,1/29/2025,12/17/2025,7,16|21|30|75|90|128|129
WU,The Western Union Company,stock,Financial Services,Credit Services,100001,250000,7,-15.79,2026-07-10,7.84,USD,current,1,1,50001,100000,1001,15000,10/23/2025,11/24/2025,1,89
TMO,Thermo Fisher Scientific Inc.,stock,Healthcare,Diagnostics & Research,1367006,5830000,1|3|6|7|8,-9.04,2026-07-10,527.049988,USD,current,29,6,1074029,2660000,253006,645000,1/29/2025,12/17/2025,6,16|30|73|98|121|126
THRY,"Thryv Holdings, Inc.",stock,Technology,Software—Application,1001,15000,7,-32.4,2026-07-10,4.09,USD,current,7,5,63007,245000,47005,180000,1/30/2025,12/26/2025,1,100
TDW,Tidewater Inc.,stock,Energy,Oil & Gas Equipment & Services,50001,100000,7,45.26,2026-07-10,73.370003,USD,current,8,3,36008,190000,66003,165000,1/30/2025,10/16/2025,1,96
TWI,"Titan International, Inc.",stock,Industrials,Farm & Heavy Construction Machinery,1001,15000,7,-6.26,2026-07-10,7.34,USD,current,3,1,3003,45000,1001,15000,1/30/2025,5/29/2025,1,93
TOST,"Toast, Inc.",stock,Technology,Software—Infrastructure,16002,65000,7|8,-17.43,2026-07-10,29.32,USD,current,6,5,83006,245000,19005,110000,1/29/2025,12/11/2025,2,86|154
TMP,Tompkins Financial Corporation,stock,Financial Services,Banks—Regional,15001,50000,7,26.14,2026-07-10,91.480003,USD,current,4,1,18004,95000,15001,50000,1/30/2025,5/29/2025,1,84
TR,"Tootsie Roll Industries, Inc.",stock,Consumer Defensive,Confectioners,15001,50000,7,7.3,2026-07-10,38.16,USD,current,3,1,17003,80000,1001,15000,1/31/2025,4/29/2025,1,96
TORO,Toro Corp.,stock,Energy,Oil & Gas Midstream,1001,15000,8,-6.44,2026-07-10,4.94,USD,current,1,0,1001,15000,0,0,4/3/2025,4/3/2025,1,120
TSCO,Tractor Supply Company,stock,Consumer Cyclical,Specialty Retail,68005,195000,1|5|7|8,-39.15,2026-07-10,30.43,USD,current,22,10,219022,810000,200010,575000,1/29/2025,12/17/2025,5,16|67|93|122|124
TW,Tradeweb Markets Inc.,stock,Financial Services,Capital Markets,3003,45000,7|8,-9,2026-07-10,97.860001,USD,current,4,3,18004,95000,17003,80000,4/4/2025,12/18/2025,3,81|116|117
TT,Trane Technologies plc,stock,Industrials,Building Products & Equipment,418007,945000,1|2|3|6|7|8,23.25,2026-07-10,479.700012,USD,current,26,6,826026,2065000,519006,1110000,2/10/2025,12/18/2025,7,8|21|30|75|90|127|128
TDG,TransDigm Group Incorporated,stock,Industrials,Aerospace & Defense,417006,930000,1|3|6|7|8,-2.9,2026-07-10,1291.349976,USD,current,23,9,886023,2065000,420009,975000,1/29/2025,12/18/2025,6,16|30|77|93|135|136
TMDX,"TransMedics Group, Inc.",stock,Healthcare,Medical Devices,100001,250000,7,-41.45,2026-07-10,71.230003,USD,current,7,0,7007,105000,0,0,1/30/2025,4/10/2025,1,112
THS,"TreeHouse Foods, Inc. Common Stock",stock,Consumer Defensive,Packaged Foods,1001,15000,7,,,,,unavailable,8,4,36008,190000,46004,165000,1/30/2025,11/24/2025,1,94
TREX,"Trex Company, Inc.",stock,Industrials,Building Products & Equipment,1001,15000,8,34.44,2026-07-10,47.16,USD,current,2,1,16002,65000,15001,50000,4/4/2025,11/17/2025,1,154
TPH,"Tri Pointe Homes, Inc. Common Stock",stock,Consumer Cyclical,Residential Construction,100001,250000,7,-0.04,2026-05-13,46.950001,USD,stale_or_delisted,10,4,129010,410000,67004,180000,1/30/2025,10/23/2025,1,90
TRMB,Trimble Inc.,stock,Technology,Scientific & Technical Instruments,17003,80000,1|8,-32.58,2026-07-10,52.82,USD,current,7,2,35007,175000,30002,100000,2/6/2025,12/17/2025,3,16|154
TRN,"Trinity Industries, Inc.",stock,Industrials,Railroads,15001,50000,7,34.98,2026-07-10,35.689999,USD,current,11,5,67011,305000,131005,315000,1/30/2025,12/26/2025,1,107
TRIP,"Tripadvisor, Inc.",stock,Consumer Cyclical,Travel Services,15001,50000,7,-3.98,2026-07-10,13.98,USD,current,6,3,20006,125000,31003,115000,1/30/2025,11/24/2025,1,83
TFIN,"Triumph Financial, Inc.",stock,Financial Services,Banks—Regional,15001,50000,7,25.24,2026-07-10,78.440002,USD,current,7,4,49007,210000,46004,165000,1/30/2025,11/24/2025,1,98
TFC,Truist Financial Corporation,stock,Financial Services,Banks—Regional,1353007,5745000,1|2|3|5|6|7|8,5,2026-07-10,51.669998,USD,current,29,4,728029,1870000,166004,415000,1/29/2025,12/17/2025,7,16|21|30|58|76|105|133
TRUP,"Trupanion, Inc.",stock,Financial Services,Insurance—Property & Casualty,15001,50000,7,-30.88,2026-07-10,25.83,USD,current,7,5,35007,175000,33005,145000,1/30/2025,12/26/2025,1,82
TRST,TrustCo Bank Corp NY - Common Stock,stock,Financial Services,Banks—Regional,1001,15000,7,31.82,2026-07-10,54.48,USD,current,2,1,2002,30000,1001,15000,1/30/2025,4/28/2025,1,81
TRMK,Trustmark Corporation,stock,Financial Services,Banks—Regional,50001,100000,7,18.79,2026-07-10,46.27,USD,current,7,2,70007,225000,16002,65000,1/30/2025,5/29/2025,1,93
TWLO,Twilio Inc.,stock,Technology,Software—Infrastructure,16002,65000,7|8,50.84,2026-07-10,214.559998,USD,current,3,3,31003,115000,3003,45000,1/29/2025,9/8/2025,2,85|154
TYL,"Tyler Technologies, Inc.",stock,Technology,Software—Application,17003,80000,7|8,-31.83,2026-07-10,309.480011,USD,current,9,9,135009,375000,100009,325000,3/5/2025,12/11/2025,3,109|154
TSN,"Tyson Foods, Inc. Common Stock",stock,Consumer Defensive,Farm Products,17003,80000,1|2|5,-1.35,2026-07-10,57.830002,USD,current,15,8,142015,530000,121008,390000,2/5/2025,12/23/2025,3,16|21|67
USB,U.S. Bancorp Common Stock,stock,Financial Services,Banks—Regional,317005,680000,3|5|6|7|8,16.96,2026-07-10,62.41,USD,current,27,4,619027,1760000,46004,165000,2/3/2025,11/14/2025,5,30|58|76|86|134
USPH,"U.S. Physical Therapy, Inc.",stock,Healthcare,Medical Care Facilities,15001,50000,7,-7.11,2026-07-10,72.540001,USD,current,7,5,70007,225000,47005,180000,1/30/2025,11/24/2025,1,106
UDR,"UDR, Inc.",stock,Real Estate,REIT—Residential,18004,95000,1|7|8,8.32,2026-07-10,39.73,USD,current,7,3,35007,175000,3003,45000,4/8/2025,12/17/2025,4,16|110|126|155
UFPI,"UFP Industries, Inc.",stock,Basic Materials,Lumber & Wood Production,1001,15000,7,-6.84,2026-07-10,84.82,USD,current,1,1,1001,15000,1001,15000,9/15/2025,10/16/2025,1,81
UFPT,"UFP Technologies, Inc.",stock,Healthcare,Medical Devices,15001,50000,7,6.7,2026-07-10,236.910004,USD,current,9,3,23009,170000,31003,115000,1/30/2025,12/22/2025,1,83
UGI,UGI Corporation,stock,Utilities,Utilities—Regulated Gas,15001,50000,7,-4.25,2026-07-10,35.84,USD,current,1,0,15001,50000,0,0,1/29/2025,1/29/2025,1,104
USFD,US Foods Holding Corp.,stock,Consumer Defensive,Food Distribution,17003,80000,7|8,34.07,2026-07-10,100.980003,USD,current,4,2,18004,95000,2002,30000,2/26/2025,12/18/2025,3,108|155
UBER,"Uber Technologies, Inc.",stock,Technology,Software—Application,618006,1345000,2|3|6|7|8,-8.77,2026-07-10,74.540001,USD,current,34,12,872034,2230000,216012,640000,1/6/2025,12/18/2025,6,21|30|71|103|155
UI,Ubiquiti Inc.,stock,Technology,Communication Equipment,51002,115000,7|8,-0.43,2026-07-10,550.98999,USD,current,0,1,0,0,1001,15000,9/8/2025,9/8/2025,2,99|124
PATH,"UiPath, Inc.",stock,Technology,Software—Infrastructure,1001,15000,8,-28.74,2026-07-10,11.68,USD,current,3,3,17003,80000,17003,80000,1/6/2025,9/15/2025,1,155
ULTA,"Ulta Beauty, Inc.",stock,Consumer Cyclical,Specialty Retail,48006,195000,1|3|5|7|8,-22.45,2026-07-10,469.200012,USD,current,18,5,123018,495000,82005,230000,1/29/2025,12/17/2025,6,16|30|67|92|155
UCTT,"Ultra Clean Holdings, Inc.",stock,Technology,Semiconductor Equipment & Materials,15001,50000,7,319.54,2026-07-10,106.269997,USD,current,6,3,34006,160000,17003,80000,1/30/2025,11/24/2025,1,104
UA,"Under Armour, Inc.",stock,Consumer Cyclical,Apparel Manufacturing,15001,50000,7,37.71,2026-07-10,6.61,USD,current,1,1,15001,50000,1001,15000,12/22/2025,12/26/2025,1,83
UNF,Unifirst Corporation Common Stock,stock,Industrials,Specialty Business Services,15001,50000,7,40.89,2026-07-10,271.779999,USD,current,10,6,66010,290000,83006,245000,1/30/2025,12/26/2025,1,113
UNP,Union Pacific Corporation,stock,Industrials,Railroads,718007,1595000,1|2|3|6|7|8,24.05,2026-07-10,286.959991,USD,current,33,11,907033,2330000,166011,540000,1/29/2025,12/18/2025,7,16|21|30|77|91|133|134
UAL,"United Airlines Holdings, Inc. - Common Stock",stock,Industrials,Airlines,132005,380000,2|3|6|7|8,12.68,2026-07-10,126,USD,current,15,6,198015,670000,48006,195000,2/3/2025,11/10/2025,5,21|30|71|113|155
UCB,"United Community Banks, Inc. Common Stock",stock,Financial Services,Banks—Regional,50001,100000,7,13.87,2026-07-10,35.549999,USD,current,11,3,179011,510000,130003,350000,1/30/2025,10/16/2025,1,99
UFCS,"United Fire Group, Inc.",stock,Financial Services,Insurance—Property & Casualty,15001,50000,7,42.17,2026-07-10,51.68,USD,current,3,0,3003,45000,0,0,1/30/2025,4/10/2025,1,84
UNFI,"United Natural Foods, Inc.",stock,Consumer Defensive,Food Distribution,50001,100000,7,45.14,2026-07-10,48.869999,USD,current,7,5,49007,210000,5005,75000,1/30/2025,9/2/2025,1,105
UPS,"United Parcel Service, Inc. Common Stock",stock,Industrials,Integrated Freight & Logistics,469009,1060000,1|2|3|5|6|7|8,13.39,2026-07-10,112.470001,USD,current,33,12,605033,1700000,258012,670000,1/6/2025,11/14/2025,9,16|21|30|56|62|77|95|134|135
PRKS,United Parks & Resorts Inc. Common Stock,stock,Consumer Cyclical,Leisure,15001,50000,7,29.12,2026-07-10,46.869999,USD,current,3,2,31003,115000,16002,65000,9/22/2025,12/26/2025,1,99
URI,"United Rentals, Inc.",stock,Industrials,Rental & Leasing Services,352005,730000,3|6|7|8,35.37,2026-07-10,1095.550049,USD,current,16,7,416016,1040000,168007,395000,1/29/2025,12/18/2025,5,30|73|112|121|126
UTHR,United Therapeutics Corporation,stock,Healthcare,Drug Manufacturers—Specialty & Generic,16002,65000,7|8,12.28,2026-07-10,547.059998,USD,current,3,3,31003,115000,31003,115000,2/3/2025,10/16/2025,2,97|155
UNH,UnitedHealth Group Incorporated,stock,Healthcare,Healthcare Plans,2326009,10765000,1|2|3|5|6|7|8,28.63,2026-07-10,424.619995,USD,current,39,20,3081039,12790000,1470020,6300000,1/23/2025,12/23/2025,9,16|21|30|49|77|100|107|135|136
UNIT,Uniti Group Inc.,stock,Real Estate,REIT—Specialty,15001,50000,7,54.49,2026-07-10,10.83,USD,current,6,5,34006,160000,19005,110000,1/30/2025,11/24/2025,1,82
UTL,Unitil Corporation,stock,Utilities,Utilities—Diversified,50001,100000,7,9.54,2026-07-10,53.060001,USD,current,5,3,54005,160000,17003,80000,1/30/2025,10/16/2025,1,112
U,Unity Software Inc.,stock,Technology,Software—Application,15001,50000,7,-30.07,2026-07-10,30.889999,USD,current,0,0,0,0,0,0,,,1,92
UVV,Universal Corporation Common Stock,stock,Consumer Defensive,Tobacco,1001,15000,7,-2.14,2026-07-10,51.619999,USD,current,6,3,20006,125000,17003,80000,2/3/2025,11/24/2025,1,81
OLED,Universal Display Corporation,stock,Technology,Electronic Components,15001,50000,7,-30.6,2026-07-10,81.040001,USD,current,2,1,16002,65000,1001,15000,4/4/2025,5/5/2025,1,110
UHS,"Universal Health Services, Inc. Common Stock",stock,Healthcare,Medical Care Facilities,2002,30000,1|8,-28.64,2026-07-10,155.570007,USD,current,4,2,18004,95000,16002,65000,1/29/2025,12/17/2025,2,16|116
UNM,Unum Group,stock,Financial Services,Insurance—Life,1001,15000,8,12.9,2026-07-10,87.5,USD,current,1,2,15001,50000,2002,30000,2/24/2025,8/7/2025,1,122
UPWK,Upwork Inc.,stock,Communication Services,Internet Content & Information,15001,50000,7,-55.5,2026-07-10,8.82,USD,current,1,0,15001,50000,0,0,11/28/2025,11/28/2025,1,98
UE,Urban Edge Properties Common Shares of Beneficial Interest,stock,Real Estate,REIT—Retail,50001,100000,7,18.6,2026-07-10,22.76,USD,current,9,2,114009,360000,65002,150000,1/30/2025,10/16/2025,1,87
URBN,"Urban Outfitters, Inc.",stock,Consumer Cyclical,Apparel Retail,50001,100000,7,-8.54,2026-07-10,68.830002,USD,current,7,2,49007,210000,30002,100000,1/30/2025,10/16/2025,1,88
VFC,V.F. Corporation,stock,Consumer Cyclical,Apparel Manufacturing,16002,65000,7|8,-7.25,2026-07-10,16.77,USD,current,10,2,66010,290000,51002,115000,1/30/2025,5/5/2025,2,100|123
VICI,VICI Properties Inc.,stock,Real Estate,REIT—Diversified,16002,65000,3|8,-7.5,2026-07-10,26.01,USD,current,14,9,231014,640000,150009,475000,1/29/2025,12/11/2025,2,30|131
VLO,Valero Energy Corporation,stock,Energy,Oil & Gas Refining & Marketing,348008,795000,1|2|3|5|6|7|8,72.42,2026-07-10,280.690002,USD,current,21,4,274021,935000,32004,130000,1/29/2025,12/17/2025,8,16|21|30|59|75|88|130|132
VMI,"Valmont Industries, Inc.",stock,Industrials,Conglomerates,3003,45000,7|8,35.92,2026-07-10,546.830017,USD,current,0,0,0,0,0,0,,,3,104|117|118
VRNS,"Varonis Systems, Inc.",stock,Technology,Software—Infrastructure,16002,65000,7|8,35.76,2026-07-10,44.529999,USD,current,4,3,67004,180000,52003,130000,4/4/2025,12/18/2025,2,102|155
VECO,Veeco Instruments Inc. - Common Stock,stock,Technology,Semiconductor Equipment & Materials,15001,50000,7,100.84,2026-07-10,57.400002,USD,current,6,2,34006,160000,30002,100000,1/30/2025,5/29/2025,1,112
VEEV,Veeva Systems Inc.,stock,Healthcare,Health Information Services,2002,30000,8,-14.83,2026-07-10,190.119995,USD,current,7,4,98007,295000,81004,215000,1/29/2025,12/11/2025,2,155
VTR,"Ventas, Inc.",stock,Real Estate,REIT—Healthcare Facilities,1167006,5430000,1|3|6|7|8,17.16,2026-07-10,90.660004,USD,current,13,4,154013,535000,32004,130000,1/29/2025,12/17/2025,6,16|30|74|86|121|125
VCYT,"Veracyte, Inc.",stock,Healthcare,Diagnostics & Research,100001,250000,7,35.32,2026-07-10,56.970001,USD,current,1,0,50001,100000,0,0,7/31/2025,7/31/2025,1,110
VLTO,Veralto Corporation,stock,Industrials,Pollution & Treatment Controls,100001,250000,6,-7.1,2026-07-10,92.699997,USD,current,12,8,131012,440000,50008,225000,1/29/2025,11/17/2025,1,72
VRSN,"VeriSign, Inc.",stock,Technology,Software—Infrastructure,32004,130000,1|7|8,11.18,2026-07-10,270.109985,USD,current,15,5,106015,415000,96005,265000,4/11/2025,12/17/2025,4,16|82|119|121
VCEL,Vericel Corporation,stock,Healthcare,Biotechnology,15001,50000,7,30.52,2026-07-10,47,USD,current,9,5,51009,240000,47005,180000,1/30/2025,12/22/2025,1,112
VRE,"Veris Residential, Inc. Common Stock",stock,Real Estate,REIT - Residential,15001,50000,7,0,2026-05-26,18.99,USD,stale_or_delisted,6,2,48006,195000,30002,100000,1/30/2025,10/16/2025,1,104
VRSK,"Verisk Analytics, Inc.",stock,Industrials,Consulting Services,53004,145000,3|7|8,-17.12,2026-07-10,185.389999,USD,current,16,7,184016,585000,119007,310000,1/29/2025,12/18/2025,4,30|99|120|122
VZ,Verizon Communications Inc.,stock,Communication Services,Telecom Services,1882010,6980000,1|2|3|5|6|7|8,3.41,2026-07-10,42.119999,USD,current,44,14,1720044,4175000,781014,1840000,1/29/2025,12/23/2025,10,16|21|30|56|63|77|91|101|136
VRRM,Verra Mobility Corporation,stock,Technology,Information Technology Services,50001,100000,7,-81.62,2026-07-10,4.12,USD,current,11,3,102011,355000,80003,200000,1/30/2025,11/24/2025,1,96
VRTX,Vertex Pharmaceuticals Incorporated,stock,Healthcare,Biotechnology,467007,1030000,1|3|5|6|7|8,7.07,2026-07-10,485.390015,USD,current,33,11,620033,1800000,152011,505000,1/29/2025,12/23/2025,7,16|30|68|71|105|155
VRT,"Vertiv Holdings, LLC Class A Common Stock",stock,Industrials,Electrical Equipment & Parts,117004,330000,2|7|8,96.82,2026-07-10,318.859985,USD,current,9,2,51009,240000,16002,65000,1/29/2025,12/11/2025,4,21|90|116
VSTS,Vestis Corporation,stock,Industrials,Rental & Leasing Services,15001,50000,7,117.84,2026-07-10,14.53,USD,current,7,3,49007,210000,45003,150000,1/30/2025,11/13/2025,1,112
VSAT,"Viasat, Inc.",stock,Technology,Communication Equipment,50001,100000,7,113.46,2026-07-10,73.559998,USD,current,5,3,19005,110000,17003,80000,1/30/2025,10/16/2025,1,88
VTRS,Viatris Inc.,stock,Healthcare,Drug Manufacturers—Specialty & Generic,16002,65000,1|8,30.68,2026-07-10,16.27,USD,current,4,1,18004,95000,1001,15000,1/29/2025,12/17/2025,2,16|130
VIAV,Viavi Solutions Inc.,stock,Technology,Communication Equipment,50001,100000,7,141.75,2026-07-10,43.080002,USD,current,8,2,50008,225000,65002,150000,1/30/2025,5/29/2025,1,89
VICR,Vicor Corporation,stock,Technology,Electronic Components,15001,50000,7,148.22,2026-07-10,272.049988,USD,current,5,4,19005,110000,4004,60000,1/30/2025,7/31/2025,1,85
VSXY,Victorias Secret & Co.,stock,Consumer Cyclical,Apparel Retail,1100002,5250000,1|7,44.66,2026-07-10,78.360001,USD,current,6,2,20006,125000,16002,65000,1/30/2025,5/29/2025,2,7|111
VCTR,"Victory Capital Holdings, Inc. - Common Stock",stock,Financial Services,Asset Management,15001,50000,7,46.2,2026-07-10,92.239998,USD,current,3,2,66003,165000,51002,115000,7/23/2025,12/22/2025,1,92
VIK,Viking Holdings Ltd,stock,Consumer Cyclical,Travel Services,1001,15000,8,38.83,2026-07-10,99.139999,USD,current,2,1,16002,65000,15001,50000,3/10/2025,4/11/2025,1,155
VKTX,"Viking Therapeutics, Inc.",stock,Healthcare,Biotechnology,15001,50000,7,10.46,2026-07-10,38.860001,USD,current,1,0,15001,50000,0,0,4/8/2025,4/8/2025,1,98
VIR,"Vir Biotechnology, Inc.",stock,Healthcare,Biotechnology,15001,50000,7,65.17,2026-07-10,9.96,USD,current,5,2,19005,110000,2002,30000,1/30/2025,9/2/2025,1,82
VIRT,"Virtu Financial, Inc.",stock,Financial Services,Capital Markets,50001,100000,7,97.48,2026-07-10,65.800003,USD,current,10,4,80010,325000,46004,165000,1/30/2025,12/22/2025,1,113
V,Visa Inc.,stock,Financial Services,Credit Services,2831008,11715000,1|2|3|6|7|8,-0.5,2026-07-10,348.970001,USD,current,48,16,4432048,13080000,354016,985000,1/29/2025,12/18/2025,8,16|21|30|77|97|99|134|135
VSH,"Vishay Intertechnology, Inc.",stock,Technology,Semiconductors,15001,50000,7,208.28,2026-07-10,44.669998,USD,current,7,4,21007,140000,18004,95000,1/30/2025,10/23/2025,1,111
VST,Vistra Corp.,stock,Utilities,Utilities—Independent Power Producers,153005,395000,2|3|7|8,-1.53,2026-07-10,158.860001,USD,current,22,9,394022,1135000,377009,880000,1/29/2025,12/18/2025,5,21|30|94|121|124
VITL,"Vital Farms, Inc.",stock,Consumer Defensive,Farm Products,1001,15000,7,-59.46,2026-07-10,12.95,USD,current,1,1,15001,50000,1001,15000,12/22/2025,12/26/2025,1,81
VNO,Vornado Realty Trust,stock,Real Estate,REIT—Office,17003,80000,7|8,15.23,2026-07-10,38.349998,USD,current,2,0,16002,65000,0,0,4/4/2025,4/11/2025,3,92|123|130
VOYA,"Voya Financial, Inc.",stock,Financial Services,Financial Conglomerates,15001,50000,7,30.97,2026-07-10,97.559998,USD,current,1,0,15001,50000,0,0,4/4/2025,4/4/2025,1,83
VMC,Vulcan Materials Company,stock,Basic Materials,Building Materials,133006,395000,1|3|6|7|8,3.52,2026-07-10,295.25,USD,current,10,3,165010,525000,66003,165000,2/3/2025,12/17/2025,6,16|30|72|113|120|125
WPC,W. P. Carey Inc.,stock,Real Estate,REIT—Diversified,16002,65000,7|8,11.34,2026-07-10,71.660004,USD,current,1,0,15001,50000,0,0,1/29/2025,1/29/2025,2,98|128
WRB,W.R. Berkley Corporation Common Stock,stock,Financial Services,Insurance—Property & Casualty,267004,580000,6|7|8,2.95,2026-07-10,72.190002,USD,current,5,2,317005,680000,16002,65000,3/5/2025,12/11/2025,4,76|92|125|126
GWW,"W.W. Grainger, Inc.",stock,Industrials,Industrial Distribution,118005,345000,3|6|7|8,36.34,2026-07-10,1375.76001,USD,current,15,10,247015,755000,150010,425000,1/29/2025,11/18/2025,5,26|72|101|122
WDFC,WD-40 Company,stock,Basic Materials,Specialty Chemicals,15001,50000,7,34.54,2026-07-10,264.910004,USD,current,11,4,102011,355000,102004,230000,1/30/2025,11/24/2025,1,86
WEC,"WEC Energy Group, Inc.",stock,Utilities,Utilities—Regulated Electric,568006,1195000,1|3|5|7|8,9.01,2026-07-10,114.959999,USD,current,20,8,182020,655000,107008,355000,2/6/2025,12/23/2025,6,17|30|59|92|96|131
WCC,"WESCO International, Inc.",stock,Industrials,Industrial Distribution,50001,100000,7,36.94,2026-07-10,335.019989,USD,current,1,0,15001,50000,0,0,4/4/2025,4/4/2025,1,99
WEX,WEX Inc.,stock,Technology,Software—Infrastructure,2002,30000,7|8,5.72,2026-07-10,157.5,USD,current,2,1,16002,65000,1001,15000,4/4/2025,11/17/2025,2,107|156
WAFD,"WaFd, Inc.",stock,Financial Services,Banks—Regional,15001,50000,7,18.95,2026-07-10,38.099998,USD,current,6,5,34006,160000,19005,110000,1/30/2025,10/23/2025,1,85
WD,"Walker & Dunlop, Inc.",stock,Financial Services,Mortgage Finance,15001,50000,7,-16.49,2026-07-10,50.23,USD,current,9,4,65009,275000,81004,215000,1/30/2025,12/26/2025,1,96
WMT,Walmart Inc. - Common Stock,stock,Consumer Defensive,Discount Stores,2381008,7865000,1|2|3|6|7|8,2.23,2026-07-10,113.900002,USD,current,53,10,3452053,7955000,320010,825000,1/29/2025,12/17/2025,8,16|21|30|75|100|113|133|134
DIS,Walt Disney Company (The) Common Stock,stock,Communication Services,Entertainment,1317007,5830000,1|2|3|6|7|8,-15.95,2026-07-10,95.620003,USD,current,36,10,1309036,3260000,236010,690000,1/29/2025,12/17/2025,7,16|21|30|73|95|128|131
WBD,"Warner Bros. Discovery, Inc. - Series A Common Stock",stock,Communication Services,Entertainment,433008,995000,1|2|3|5|6|7|8,-7.74,2026-07-10,26.59,USD,current,25,2,158025,670000,16002,65000,1/29/2025,12/17/2025,8,17|21|30|68|71|95|156
WMG,Warner Music Group Corp.,stock,Communication Services,Entertainment,1001,15000,5,-5.48,2026-07-10,28.99,USD,current,3,1,3003,45000,1001,15000,6/13/2025,12/23/2025,1,68
HCC,"Warrior Met Coal, Inc.",stock,Basic Materials,Coking Coal,100001,250000,7,-9.16,2026-07-10,80.089996,USD,current,6,2,20006,125000,16002,65000,1/30/2025,5/29/2025,1,107
WM,"Waste Management, Inc.",stock,Industrials,Waste Management,118005,345000,3|6|7|8,6.2,2026-07-10,233.330002,USD,current,20,10,620020,1500000,586010,1290000,2/3/2025,12/4/2025,5,30|75|102|131
WAT,Waters Corporation,stock,Healthcare,Diagnostics & Research,2002,30000,1|8,-0.9,2026-07-10,376.429993,USD,current,6,2,34006,160000,16002,65000,1/29/2025,12/17/2025,2,17|156
WSO,"Watsco, Inc. Common Stock",stock,Industrials,Industrial Distribution,252003,530000,5|7|8,13.92,2026-07-10,383.859985,USD,current,4,4,67004,180000,67004,180000,2/3/2025,12/18/2025,3,68|98|118
WAY,Waystar Holding Corp.,stock,Healthcare,Health Information Services,50001,100000,7,-31.51,2026-07-10,22.43,USD,current,4,1,81004,215000,50001,100000,9/22/2025,12/22/2025,1,99
WFRD,Weatherford International plc,stock,Energy,Oil & Gas Equipment & Services,1001,15000,8,7.79,2026-07-10,84.360001,USD,current,2,1,16002,65000,1001,15000,1/29/2025,4/11/2025,1,121
WBS,Webster Financial Corporation,stock,Financial Services,Banks—Regional,1001,15000,8,21.56,2026-07-10,76.510002,USD,current,3,2,17003,80000,16002,65000,3/10/2025,11/10/2025,1,129
WFC,Wells Fargo & Company Common Stock,stock,Financial Services,Banks—Diversified,1431007,5965000,1|2|3|6|7|8,-6.48,2026-07-10,87.160004,USD,current,45,5,1592045,3955000,153005,395000,1/29/2025,12/9/2025,7,17|21|30|77|99|134|135
WELL,Welltower Inc.,stock,Real Estate,REIT—Healthcare Facilities,717007,1530000,1|2|3|6|7|8,24.77,2026-07-10,231.589996,USD,current,21,2,607021,1555000,16002,65000,2/3/2025,12/17/2025,7,17|21|30|76|91|131
WEN,Wendy's Company (The) - Common Stock,stock,Consumer Cyclical,Restaurants,15001,50000,7,-9.36,2026-07-10,7.55,USD,current,3,1,80003,200000,50001,100000,9/22/2025,12/26/2025,1,84
WERN,"Werner Enterprises, Inc.",stock,Industrials,Trucking,50001,100000,7,46.12,2026-07-10,43.849998,USD,current,8,3,99008,310000,45003,150000,1/30/2025,11/24/2025,1,91
WST,"West Pharmaceutical Services, Inc.",stock,Healthcare,Medical Instruments & Supplies,32004,130000,1|3|7|8,28.56,2026-07-10,353.709991,USD,current,6,3,34006,160000,3003,45000,1/29/2025,11/18/2025,4,17|31|105|115
WAL,Western Alliance Bancorporation,stock,Financial Services,Banks—Regional,1001,15000,8,-4.02,2026-07-10,80.690002,USD,current,3,2,17003,80000,16002,65000,3/5/2025,4/11/2025,1,128
WDC,Western Digital Corporation - Common Stock,stock,Technology,Computer Hardware,198008,545000,1|2|3|5|6|7|8,238.18,2026-07-10,582.590027,USD,current,19,3,174019,660000,3003,45000,1/29/2025,11/21/2025,8,17|21|31|68|72|114|116|121
WAB,Westinghouse Air Brake Technologies Corporation Common Stock,stock,Industrials,Railroads,183007,495000,1|2|3|6|7|8,22.38,2026-07-10,261.209991,USD,current,12,3,315012,875000,151003,365000,3/10/2025,12/17/2025,7,16|21|30|72|113|116|117
WLK,Westlake Corporation,stock,Basic Materials,Specialty Chemicals,15001,50000,7,2.1,2026-07-10,75.489998,USD,current,3,3,17003,80000,3003,45000,1/6/2025,11/10/2025,1,97
WY,Weyerhaeuser Company,stock,Real Estate,REIT—Specialty,1001,15000,8,-1.01,2026-07-10,23.450001,USD,current,11,10,520011,1175000,407010,955000,1/29/2025,12/4/2025,1,124
WSC,WillScot Holdings Corporation,stock,Industrials,Rental & Leasing Services,15001,50000,7,39.35,2026-07-10,26.24,USD,current,7,4,126007,365000,116004,265000,3/24/2025,12/26/2025,1,91
WMB,"Williams Companies, Inc. (The) Common Stock",stock,Energy,Oil & Gas Midstream,418007,945000,3|5|6|7|8,24.8,2026-07-10,75.019997,USD,current,21,7,382021,1080000,49007,210000,1/29/2025,12/23/2025,7,31|59|63|76|109|133
WSM,"Williams-Sonoma, Inc.",stock,Consumer Cyclical,Specialty Retail,33005,145000,1|3|7|8,24.17,2026-07-10,221.75,USD,current,9,2,65009,275000,51002,115000,4/4/2025,12/17/2025,5,17|31|85|121|123
WTW,Willis Towers Watson Public Limited Company - Ordinary Shares,stock,Financial Services,Insurance Brokers,118005,345000,3|6|7|8,-11.85,2026-07-10,289.649994,USD,current,14,6,161014,540000,34006,160000,1/29/2025,12/11/2025,5,31|73|84|119|120
WING,Wingstop Inc.,stock,Consumer Cyclical,Restaurants,15001,50000,7,-35.72,2026-07-10,153.289993,USD,current,2,0,16002,65000,0,0,3/10/2025,4/11/2025,1,100
WGO,"Winnebago Industries, Inc.",stock,Consumer Cyclical,Recreational Vehicles,15001,50000,7,-27.52,2026-07-10,29.370001,USD,current,7,4,63007,245000,18004,95000,1/30/2025,11/24/2025,1,82
WTFC,Wintrust Financial Corporation,stock,Financial Services,Banks—Regional,1001,15000,8,15.52,2026-07-10,161.520004,USD,current,2,1,16002,65000,15001,50000,3/10/2025,4/11/2025,1,120
WT,"WisdomTree, Inc.",stock,Financial Services,Asset Management,15001,50000,7,57.67,2026-07-10,19.219999,USD,current,8,3,64008,260000,45003,150000,1/30/2025,10/16/2025,1,82
WWW,"Wolverine World Wide, Inc.",stock,Consumer Cyclical,Footwear & Accessories,15001,50000,7,-2.42,2026-07-10,17.709999,USD,current,7,3,49007,210000,31003,115000,1/30/2025,12/26/2025,1,83
WWD,"Woodward, Inc.",stock,Industrials,Aerospace & Defense,15001,50000,7,34.43,2026-07-10,406.399994,USD,current,1,0,15001,50000,0,0,4/4/2025,4/4/2025,1,112
WDAY,"Workday, Inc.",stock,Technology,Software—Application,19005,110000,3|5|7|8,-35.31,2026-07-10,138.949997,USD,current,26,12,394026,1135000,380012,925000,1/6/2025,12/23/2025,5,31|68|98|156
WRLD,World Acceptance Corporation - Common Stock,stock,Financial Services,Credit Services,1001,15000,7,42.3,2026-07-10,199.779999,USD,current,4,1,4004,60000,15001,50000,1/30/2025,4/28/2025,1,104
WKC,World Kinect Corporation,stock,Energy,Oil & Gas Refining & Marketing,15001,50000,7,50.75,2026-07-10,35.32,USD,current,9,5,65009,275000,47005,180000,1/30/2025,12/26/2025,1,83
WOR,"Worthington Enterprises, Inc.",stock,Industrials,Metal Fabrication,15001,50000,7,5.24,2026-07-10,54.27,USD,current,6,3,34006,160000,17003,80000,1/30/2025,10/16/2025,1,84
WS,"Worthington Steel, Inc. Common Shares",stock,Basic Materials,Steel,15001,50000,7,-4.53,2026-07-10,33.049999,USD,current,6,3,34006,160000,31003,115000,1/30/2025,10/16/2025,1,82
WYNN,"Wynn Resorts, Limited",stock,Consumer Cyclical,Resorts & Casinos,116003,315000,6|7|8,-17.09,2026-07-10,99.769997,USD,current,4,1,131004,365000,1001,15000,4/4/2025,11/18/2025,3,72|84|120
XPEL,"XPEL, Inc.",stock,Consumer Cyclical,Auto Parts,15001,50000,7,-10.86,2026-07-10,44.490002,USD,current,6,4,20006,125000,4004,60000,1/30/2025,10/16/2025,1,82
XPO,"XPO, Inc.",stock,Industrials,Trucking,2002,30000,8,52.95,2026-07-10,207.880005,USD,current,2,1,16002,65000,1001,15000,1/29/2025,4/11/2025,2,156
XEL,Xcel Energy Inc.,stock,Utilities,Utilities—Regulated Electric,69006,210000,1|3|5|7|8,8.39,2026-07-10,80.059998,USD,current,15,5,92015,380000,54005,160000,1/29/2025,12/23/2025,6,17|31|68|88|125|129
XNCR,"Xencor, Inc.",stock,Healthcare,Biotechnology,15001,50000,7,3.53,2026-07-10,15.85,USD,current,6,2,34006,160000,16002,65000,1/30/2025,6/30/2025,1,84
XHR,"Xenia Hotels & Resorts, Inc. Common Stock",stock,Real Estate,REIT—Hotel & Motel,50001,100000,7,42.64,2026-07-10,20.17,USD,current,6,1,34006,160000,15001,50000,1/30/2025,5/22/2025,1,102
XYL,Xylem Inc.,stock,Industrials,Specialty Industrial Machinery,154006,410000,1|3|6|7|8,-10.99,2026-07-10,121.220001,USD,current,9,3,185009,525000,17003,80000,1/29/2025,12/18/2025,6,17|31|73|91|120|123
YELP,Yelp Inc.,stock,Communication Services,Internet Content & Information,15001,50000,7,-15.07,2026-07-10,25.809999,USD,current,11,3,53011,270000,66003,165000,1/30/2025,11/24/2025,1,82
YUM,"Yum! Brands, Inc.",stock,Consumer Cyclical,Restaurants,68005,195000,2|3|7|8,8.1,2026-07-10,163.539993,USD,current,17,5,313017,970000,282005,630000,1/29/2025,11/17/2025,5,21|31|110|123|125
ZBRA,Zebra Technologies Corporation,stock,Technology,Communication Equipment,1001,15000,8,12.23,2026-07-10,272.519989,USD,current,3,3,17003,80000,17003,80000,2/24/2025,11/18/2025,1,156
ZD,"Ziff Davis, Inc.",stock,Communication Services,Advertising Agencies,15001,50000,7,48.45,2026-07-10,52.18,USD,current,8,2,50008,225000,30002,100000,1/30/2025,6/30/2025,1,92
Z,"Zillow Group, Inc. - Class C Capital Stock",stock,Communication Services,Internet Content & Information,51002,115000,7|8,-52.81,2026-07-10,32.189999,USD,current,5,3,68005,195000,3003,45000,1/29/2025,11/17/2025,2,114|156
ZION,"Zions Bancorporation, National Association",stock,Financial Services,Banks—Regional,1001,15000,8,20.7,2026-07-10,70.660004,USD,current,2,1,16002,65000,15001,50000,2/5/2025,4/11/2025,1,128
ZTS,Zoetis Inc.,stock,Healthcare,Drug Manufacturers—Specialty & Generic,54005,160000,2|3|7|8,-39.95,2026-07-10,75.559998,USD,current,26,18,483026,1395000,506018,1265000,1/6/2025,12/18/2025,5,21|31|98|122|123
ZM,"Zoom Communications, Inc.",stock,Technology,Software—Application,52003,130000,5|7|8,4.02,2026-07-10,89.760002,USD,current,7,1,35007,175000,1001,15000,1/29/2025,11/10/2025,3,68|114|156
ZS,"Zscaler, Inc.",stock,Technology,Software—Infrastructure,4004,60000,5|7|8,-38.08,2026-07-10,139.270004,USD,current,12,3,54012,285000,31003,115000,1/29/2025,12/23/2025,4,68|101|156
ZWS,Zurn Elkay Water Solutions Corporation,stock,Industrials,Pollution & Treatment Controls,100001,250000,7,1.85,2026-07-10,47.349998,USD,current,10,3,129010,410000,66003,165000,1/30/2025,10/23/2025,1,109
ELF,"e.l.f. Beauty, Inc.",stock,Consumer Defensive,Household & Personal Products,15001,50000,7,0.93,2026-07-10,76.75,USD,current,1,0,15001,50000,0,0,4/4/2025,4/4/2025,1,99
EBAY,eBay Inc.,stock,Consumer Cyclical,Internet Retail,34006,160000,2|3|4|7|8,34.56,2026-07-10,117.199997,USD,current,24,10,362024,1180000,278010,795000,1/29/2025,12/23/2025,6,18|25|44|83|126
PLUS,ePlus inc.,stock,Technology,Software—Application,15001,50000,7,2.2,2026-07-10,89.629997,USD,current,6,2,34006,160000,16002,65000,1/30/2025,7/31/2025,1,112
EXPI,"eXp World Holdings, Inc. Common Stock",stock,Real Estate,Real Estate Services,15001,50000,7,-50.06,2026-07-10,4.52,USD,current,4,2,32004,130000,16002,65000,1/30/2025,5/29/2025,1,83
LULU,lululemon athletica inc.,stock,Consumer Cyclical,Apparel Retail,168006,445000,1|5|6|7|8,-42.61,2026-07-10,119.260002,USD,current,22,10,205022,775000,52010,255000,1/29/2025,12/17/2025,6,13|64|71|107|148
